,datetime,atm_press_mBar,rainfall_mm,wind_speed_ms,wind_dir_degr,surf_temp_c,rel_hum_perc,solar_flux_kw_per_m2,battery_V
0,2015/05/01 00:01,1014,0.0,0.0,0.0,4.565,79.5,0.0,13.89
1,2015/05/01 00:02,1014,0.0,0.0,0.0,4.543,79.4,0.0,13.89
2,2015/05/01 00:03,1014,0.0,0.0,0.0,4.494,79.3,0.0,13.89
3,2015/05/01 00:04,1014,0.0,0.0,0.0,4.472,79.3,0.0,13.89
4,2015/05/01 00:05,1014,0.0,0.0,0.0,4.453,79.4,0.0,13.89
5,2015/05/01 00:06,1014,0.0,0.0,0.0,4.436,79.4,0.0,13.89
6,2015/05/01 00:07,1014,0.0,0.0,0.0,4.425,79.4,0.0,13.89
7,2015/05/01 00:08,1014,0.0,0.0,0.0,4.376,79.3,0.0,13.89
8,2015/05/01 00:09,1014,0.0,0.0,0.0,4.327,79.3,0.0,13.89
9,2015/05/01 00:10,1014,0.0,0.0,0.0,4.288,79.4,0.0,13.89
10,2015/05/01 00:11,1014,0.0,0.0,0.0,4.269,79.5,0.0,13.89
11,2015/05/01 00:12,1014,0.0,0.0,0.0,4.258,79.6,0.0,13.89
12,2015/05/01 00:13,1014,0.0,0.0,0.0,4.264,79.8,0.0,13.89
13,2015/05/01 00:14,1014,0.0,0.0,0.0,4.28,79.9,0.0,13.89
14,2015/05/01 00:15,1014,0.0,0.0,0.0,4.28,80.0,0.0,13.89
15,2015/05/01 00:16,1014,0.0,0.0,0.0,4.294,80.1,0.0,13.89
16,2015/05/01 00:17,1014,0.0,0.0,0.0,4.324,80.2,0.0,13.89
17,2015/05/01 00:18,1014,0.0,0.0,0.0,4.327,80.2,0.0,13.89
18,2015/05/01 00:19,1014,0.0,0.0,0.0,4.313,80.1,0.0,13.89
19,2015/05/01 00:20,1014,0.0,0.0,0.0,4.28,80.0,0.0,13.89
20,2015/05/01 00:21,1014,0.0,0.0,0.0,4.256,80.1,0.0,13.9
21,2015/05/01 00:22,1014,0.0,0.0,0.0,4.242,80.2,0.0,13.89
22,2015/05/01 00:23,1014,0.0,0.0,0.0,4.237,80.3,0.0,13.9
23,2015/05/01 00:24,1014,0.0,0.0,0.0,4.234,80.3,0.0,13.9
24,2015/05/01 00:25,1014,0.0,0.0,0.0,4.272,80.5,0.0,13.9
25,2015/05/01 00:26,1014,0.0,0.0,0.0,4.302,80.4,0.0,13.9
26,2015/05/01 00:27,1014,0.0,0.0,0.0,4.305,80.3,0.0,13.9
27,2015/05/01 00:28,1014,0.0,0.0,0.0,4.28,80.3,0.0,13.9
28,2015/05/01 00:29,1014,0.0,0.0,0.0,4.264,80.1,0.0,13.9
29,2015/05/01 00:30,1014,0.0,0.0,0.0,4.256,80.1,0.0,13.9
30,2015/05/01 00:31,1014,0.0,0.0,0.0,4.245,80.0,0.0,13.9
31,2015/05/01 00:32,1014,0.0,0.0,0.0,4.231,79.9,0.0,13.9
32,2015/05/01 00:33,1014,0.0,0.0,0.0,4.239,80.0,0.0,13.9
33,2015/05/01 00:34,1014,0.0,0.0,0.0,4.278,80.1,0.0,13.9
34,2015/05/01 00:35,1014,0.0,0.0,0.0,4.305,80.1,0.0,13.9
35,2015/05/01 00:36,1014,0.0,0.0,0.0,4.335,80.2,0.0,13.9
36,2015/05/01 00:37,1014,0.0,0.0,0.0,4.343,79.9,0.0,13.9
37,2015/05/01 00:38,1014,0.0,0.0,0.0,4.313,79.8,0.0,13.9
38,2015/05/01 00:39,1014,0.0,0.0,0.0,4.308,79.7,0.0,13.9
39,2015/05/01 00:40,1014,0.0,0.0,0.0,4.253,79.6,0.0,13.9
40,2015/05/01 00:41,1014,0.0,0.0,0.0,4.204,79.6,0.0,13.9
41,2015/05/01 00:42,1014,0.0,0.0,0.0,4.163,79.6,0.0,13.9
42,2015/05/01 00:43,1014,0.0,0.0,0.0,4.152,79.6,0.0,13.9
43,2015/05/01 00:44,1014,0.0,0.0,0.0,4.108,79.6,0.0,13.9
44,2015/05/01 00:45,1014,0.0,0.0,0.0,4.089,79.8,0.0,13.9
45,2015/05/01 00:46,1014,0.0,0.0,0.0,4.113,79.8,0.0,13.9
46,2015/05/01 00:47,1014,0.0,0.0,0.0,4.116,79.8,0.0,13.9
47,2015/05/01 00:48,1014,0.0,0.0,0.0,4.111,79.7,0.0,13.9
48,2015/05/01 00:49,1014,0.0,0.0,0.0,4.102,79.6,0.0,13.9
49,2015/05/01 00:50,1014,0.0,0.0,0.0,4.092,79.5,0.0,13.9
50,2015/05/01 00:51,1014,0.0,0.0,0.0,4.081,79.5,0.0,13.9
51,2015/05/01 00:52,1014,0.0,0.0,0.0,4.078,79.5,0.0,13.9
52,2015/05/01 00:53,1014,0.0,0.0,0.0,4.064,79.5,0.0,13.9
53,2015/05/01 00:54,1014,0.0,0.0,0.0,4.023,79.4,0.0,13.9
54,2015/05/01 00:55,1014,0.0,0.0,0.0,3.982,79.1,0.0,13.9
55,2015/05/01 00:56,1014,0.0,0.0,0.0,3.906,79.0,0.0,13.9
56,2015/05/01 00:57,1014,0.0,0.0,0.0,3.911,78.9,0.0,13.9
57,2015/05/01 00:58,1014,0.0,0.0,0.0,3.93,78.8,0.0,13.9
58,2015/05/01 00:59,1014,0.0,0.0,0.0,3.925,78.6,0.0,13.9
59,2015/05/01 01:00,1014,0.0,0.0,0.0,3.955,78.5,0.0,13.9
60,2015/05/01 01:01,1014,0.0,0.0,0.0,3.955,78.2,0.0,13.9
61,2015/05/01 01:02,1014,0.0,0.0,0.0,3.96,78.0,0.0,13.91
62,2015/05/01 01:03,1014,0.0,0.0,0.0,3.963,77.6,0.0,13.91
63,2015/05/01 01:04,1014,0.0,0.0,0.0,3.982,77.4,0.0,13.9
64,2015/05/01 01:05,1014,0.0,0.0,0.0,3.999,77.1,0.0,13.91
65,2015/05/01 01:06,1014,0.0,0.0,0.0,4.004,76.7,0.0,13.91
66,2015/05/01 01:07,1014,0.0,0.0,0.0,4.02,76.4,0.0,13.91
67,2015/05/01 01:08,1014,0.0,0.0,0.0,4.04,76.1,0.0,13.91
68,2015/05/01 01:09,1014,0.0,0.0,0.0,4.012,75.4,0.0,13.91
69,2015/05/01 01:10,1014,0.0,0.0,0.0,3.966,75.0,0.0,13.91
70,2015/05/01 01:11,1014,0.0,0.271,69.0,4.026,74.3,0.0,13.91
71,2015/05/01 01:12,1014,0.0,0.0,0.0,4.045,74.0,0.0,13.91
72,2015/05/01 01:13,1014,0.0,0.083,34.45,4.07,73.6,0.0,13.91
73,2015/05/01 01:14,1014,0.0,0.333,49.78,4.031,72.9,0.0,13.91
74,2015/05/01 01:15,1014,0.0,0.0,0.0,4.086,72.6,0.0,13.91
75,2015/05/01 01:16,1014,0.0,0.0,0.0,4.105,72.1,0.0,13.91
76,2015/05/01 01:17,1014,0.0,0.0,0.0,4.078,71.7,0.0,13.91
77,2015/05/01 01:18,1014,0.0,0.0,0.0,4.097,71.7,0.0,13.91
78,2015/05/01 01:19,1014,0.0,0.0,0.0,4.122,71.7,0.0,13.91
79,2015/05/01 01:20,1014,0.0,0.0,0.0,4.19,72.0,0.0,13.91
80,2015/05/01 01:21,1014,0.0,0.0,0.0,4.286,72.0,0.0,13.91
81,2015/05/01 01:22,1014,0.0,0.0,0.0,4.338,72.0,0.0,13.91
82,2015/05/01 01:23,1014,0.0,0.0,0.0,4.316,71.8,0.0,13.91
83,2015/05/01 01:24,1014,0.0,0.0,0.0,4.313,71.9,0.0,13.91
84,2015/05/01 01:25,1013,0.0,0.0,0.0,4.319,71.8,0.0,13.91
85,2015/05/01 01:26,1014,0.0,0.0,0.0,4.297,71.6,0.0,13.91
86,2015/05/01 01:27,1013,0.0,0.0,0.0,4.193,71.3,0.0,13.91
87,2015/05/01 01:28,1013,0.0,0.771,347.4,4.051,70.4,0.0,13.91
88,2015/05/01 01:29,1013,0.0,0.479,328.1,3.963,69.88,0.0,13.92
89,2015/05/01 01:30,1013,0.0,0.667,340.2,3.927,69.29,0.0,13.92
90,2015/05/01 01:31,1014,0.0,0.042,339.0,3.952,69.1,0.0,13.92
91,2015/05/01 01:32,1014,0.0,0.229,35.18,3.968,68.67,0.0,13.92
92,2015/05/01 01:33,1014,0.0,0.0,0.0,3.993,68.64,0.0,13.92
93,2015/05/01 01:34,1013,0.0,0.0,0.0,3.982,68.7,0.0,13.92
94,2015/05/01 01:35,1013,0.0,0.0,0.0,3.947,68.83,0.0,13.92
95,2015/05/01 01:36,1013,0.0,0.0,0.0,3.988,69.23,0.0,13.92
96,2015/05/01 01:37,1013,0.0,0.0,0.0,3.974,68.9,0.0,13.92
97,2015/05/01 01:38,1014,0.0,0.0,0.0,3.971,69.0,0.0,13.92
98,2015/05/01 01:39,1013,0.0,0.0,0.0,3.982,68.96,0.0,13.92
99,2015/05/01 01:40,1013,0.0,0.021,21.19,3.933,69.1,0.0,13.92
100,2015/05/01 01:41,1013,0.0,0.708,39.27,3.897,69.03,0.0,13.92
101,2015/05/01 01:42,1014,0.0,0.042,41.11,3.933,69.33,0.0,13.92
102,2015/05/01 01:43,1013,0.0,0.021,6.187,3.96,69.36,0.0,13.92
103,2015/05/01 01:44,1013,0.0,0.0,0.0,3.916,69.42,0.0,13.92
104,2015/05/01 01:45,1013,0.0,0.104,15.6,3.892,69.36,0.0,13.92
105,2015/05/01 01:46,1013,0.0,0.021,336.9,3.845,69.23,0.0,13.92
106,2015/05/01 01:47,1013,0.0,0.063,63.23,3.802,69.23,0.0,13.93
107,2015/05/01 01:48,1013,0.0,0.0,0.0,3.769,69.36,0.0,13.93
108,2015/05/01 01:49,1013,0.0,0.083,323.3,3.72,69.36,0.0,13.93
109,2015/05/01 01:50,1013,0.0,0.063,311.1,3.684,69.42,0.0,13.93
110,2015/05/01 01:51,1013,0.0,0.0,0.0,3.684,69.36,0.0,13.93
111,2015/05/01 01:52,1013,0.0,0.021,10.12,3.73,69.49,0.0,13.93
112,2015/05/01 01:53,1013,0.0,0.0,0.0,3.772,69.56,0.0,13.93
113,2015/05/01 01:54,1014,0.0,0.0,0.0,3.739,69.56,0.0,13.93
114,2015/05/01 01:55,1014,0.0,0.0,0.0,3.637,69.42,0.0,13.93
115,2015/05/01 01:56,1014,0.0,0.0,0.0,3.583,69.36,0.0,13.93
116,2015/05/01 01:57,1014,0.0,0.0,0.0,3.52,69.42,0.0,13.93
117,2015/05/01 01:58,1014,0.0,0.0,0.0,3.479,69.56,0.0,13.93
118,2015/05/01 01:59,1013,0.0,0.0,0.0,3.435,69.69,0.0,13.93
119,2015/05/01 02:00,1013,0.0,0.021,331.3,3.378,69.69,0.0,13.94
120,2015/05/01 02:01,1013,0.0,0.0,0.0,3.361,69.62,0.0,13.94
121,2015/05/01 02:02,1013,0.0,0.0,0.0,3.345,69.62,0.0,13.93
122,2015/05/01 02:03,1013,0.0,0.0,0.0,3.328,69.49,0.0,13.94
123,2015/05/01 02:04,1013,0.0,0.104,323.7,3.276,69.42,0.0,13.93
124,2015/05/01 02:05,1013,0.0,0.313,332.7,3.246,69.26,0.0,13.94
125,2015/05/01 02:06,1013,0.0,0.0,0.0,3.216,69.19,0.0,13.94
126,2015/05/01 02:07,1013,0.0,0.021,25.87,3.238,69.33,0.0,13.94
127,2015/05/01 02:08,1013,0.0,0.0,0.0,3.315,69.29,0.0,13.94
128,2015/05/01 02:09,1013,0.0,0.0,0.0,3.358,69.23,0.0,13.94
129,2015/05/01 02:10,1013,0.0,0.0,0.0,3.358,69.16,0.0,13.94
130,2015/05/01 02:11,1013,0.0,0.0,0.0,3.408,69.03,0.0,13.94
131,2015/05/01 02:12,1013,0.0,0.0,0.0,3.38,68.7,0.0,13.94
132,2015/05/01 02:13,1014,0.0,0.0,0.0,3.334,68.64,0.0,13.94
133,2015/05/01 02:14,1014,0.0,0.0,0.0,3.326,68.51,0.0,13.94
134,2015/05/01 02:15,1014,0.0,0.0,0.0,3.292,68.51,0.0,13.94
135,2015/05/01 02:16,1014,0.0,0.0,0.0,3.264,68.51,0.0,13.94
136,2015/05/01 02:17,1014,0.0,0.0,0.0,3.198,68.31,0.0,13.94
137,2015/05/01 02:18,1014,0.0,0.0,0.0,3.105,68.31,0.0,13.94
138,2015/05/01 02:19,1014,0.0,0.0,0.0,3.053,68.24,0.0,13.94
139,2015/05/01 02:20,1013,0.0,0.0,0.0,2.996,67.98,0.0,13.94
140,2015/05/01 02:21,1013,0.0,0.0,0.0,2.933,67.85,0.0,13.95
141,2015/05/01 02:22,1013,0.0,0.0,0.0,2.927,67.65,0.0,13.95
142,2015/05/01 02:23,1013,0.0,0.0,0.0,2.943,67.46,0.0,13.95
143,2015/05/01 02:24,1013,0.0,0.0,0.0,2.995,67.13,0.0,13.95
144,2015/05/01 02:25,1013,0.0,0.0,0.0,3.023,66.67,0.0,13.95
145,2015/05/01 02:26,1013,0.0,0.0,0.0,3.009,66.47,0.0,13.95
146,2015/05/01 02:27,1013,0.0,0.0,0.0,3.031,66.21,0.0,13.95
147,2015/05/01 02:28,1013,0.0,0.0,0.0,3.039,65.88,0.0,13.95
148,2015/05/01 02:29,1013,0.0,0.0,0.0,3.039,65.75,0.0,13.95
149,2015/05/01 02:30,1013,0.0,0.0,0.0,3.039,65.75,0.0,13.95
150,2015/05/01 02:31,1013,0.0,0.0,0.0,3.022,65.88,0.0,13.95
151,2015/05/01 02:32,1013,0.0,0.0,0.0,3.031,66.08,0.0,13.95
152,2015/05/01 02:33,1013,0.0,0.0,0.0,3.036,66.14,0.0,13.95
153,2015/05/01 02:34,1013,0.0,0.0,0.0,3.023,66.01,0.0,13.95
154,2015/05/01 02:35,1013,0.0,0.0,0.0,2.996,65.88,0.0,13.95
155,2015/05/01 02:36,1013,0.0,0.0,0.0,2.988,65.75,0.0,13.95
156,2015/05/01 02:37,1013,0.0,0.0,0.0,2.964,65.65,0.0,13.95
157,2015/05/01 02:38,1013,0.0,0.0,0.0,2.954,65.78,0.0,13.95
158,2015/05/01 02:39,1013,0.0,0.0,0.0,2.91,65.92,0.0,13.95
159,2015/05/01 02:40,1013,0.0,0.0,0.0,2.853,66.08,0.0,13.96
160,2015/05/01 02:41,1013,0.0,0.0,0.0,2.801,66.31,0.0,13.96
161,2015/05/01 02:42,1013,0.0,0.0,0.0,2.749,66.54,0.0,13.95
162,2015/05/01 02:43,1013,0.0,0.0,0.0,2.694,66.8,0.0,13.96
163,2015/05/01 02:44,1013,0.0,0.0,0.0,2.653,67.0,0.0,13.96
164,2015/05/01 02:45,1013,0.0,0.0,0.0,2.628,67.26,0.0,13.96
165,2015/05/01 02:46,1013,0.0,0.0,0.0,2.609,67.39,0.0,13.96
166,2015/05/01 02:47,1013,0.0,0.0,0.0,2.604,67.46,0.0,13.96
167,2015/05/01 02:48,1013,0.0,0.0,0.0,2.643,67.39,0.0,13.96
168,2015/05/01 02:49,1013,0.0,0.0,0.0,2.657,67.33,0.0,13.96
169,2015/05/01 02:50,1013,0.0,0.0,0.0,2.69,67.33,0.0,13.96
170,2015/05/01 02:51,1013,0.0,0.0,0.0,2.704,67.17,0.0,13.96
171,2015/05/01 02:52,1013,0.0,0.0,0.0,2.712,67.17,0.0,13.96
172,2015/05/01 02:53,1013,0.0,0.0,0.0,2.729,67.13,0.0,13.96
173,2015/05/01 02:54,1013,0.0,0.0,0.0,2.751,67.1,0.0,13.96
174,2015/05/01 02:55,1013,0.0,0.0,0.0,2.849,67.36,0.0,13.96
175,2015/05/01 02:56,1013,0.0,0.0,0.0,2.978,67.33,0.0,13.96
176,2015/05/01 02:57,1013,0.0,0.0,0.0,3.063,67.13,0.0,13.97
177,2015/05/01 02:58,1013,0.0,0.0,0.0,3.129,66.51,0.0,13.97
178,2015/05/01 02:59,1013,0.0,0.0,0.0,3.241,66.25,0.0,13.97
179,2015/05/01 03:00,1013,0.0,0.0,0.0,3.288,65.92,0.0,13.97
180,2015/05/01 03:01,1013,0.0,0.0,0.0,3.214,65.76,0.0,13.97
181,2015/05/01 03:02,1013,0.0,0.0,0.0,3.162,65.63,0.0,13.97
182,2015/05/01 03:03,1013,0.0,0.0,0.0,3.055,65.49,0.0,13.97
183,2015/05/01 03:04,1013,0.0,0.0,0.0,2.973,65.46,0.0,13.97
184,2015/05/01 03:05,1013,0.0,0.0,0.0,2.957,65.72,0.0,13.97
185,2015/05/01 03:06,1013,0.0,0.0,0.0,2.919,65.82,0.0,13.97
186,2015/05/01 03:07,1013,0.0,0.0,0.0,2.859,65.92,0.0,13.97
187,2015/05/01 03:08,1013,0.0,0.0,0.0,2.793,65.95,0.0,13.97
188,2015/05/01 03:09,1013,0.0,0.0,0.0,2.774,66.15,0.0,13.97
189,2015/05/01 03:10,1013,0.0,0.0,0.0,2.788,66.15,0.0,13.97
190,2015/05/01 03:11,1013,0.0,0.0,0.0,2.791,66.15,0.0,13.97
191,2015/05/01 03:12,1013,0.0,0.0,0.0,2.78,65.95,0.0,13.97
192,2015/05/01 03:13,1013,0.0,0.0,0.0,2.771,65.86,0.0,13.97
193,2015/05/01 03:14,1013,0.0,0.0,0.0,2.813,65.92,0.0,13.97
194,2015/05/01 03:15,1013,0.0,0.0,0.0,2.84,65.72,0.0,13.98
195,2015/05/01 03:16,1013,0.0,0.0,0.0,2.826,65.56,0.0,13.98
196,2015/05/01 03:17,1013,0.0,0.0,0.0,2.807,65.63,0.0,13.97
197,2015/05/01 03:18,1013,0.0,0.0,0.0,2.796,65.66,0.0,13.98
198,2015/05/01 03:19,1013,0.0,0.0,0.0,2.752,65.69,0.0,13.98
199,2015/05/01 03:20,1013,0.0,0.0,0.0,2.733,65.76,0.0,13.98
200,2015/05/01 03:21,1013,0.0,0.0,0.0,2.679,65.89,0.0,13.98
201,2015/05/01 03:22,1013,0.0,0.0,0.0,2.67,65.95,0.0,13.98
202,2015/05/01 03:23,1013,0.0,0.0,0.0,2.629,66.09,0.0,13.97
203,2015/05/01 03:24,1013,0.0,0.0,0.0,2.616,66.22,0.0,13.98
204,2015/05/01 03:25,1013,0.0,0.208,317.0,2.619,66.28,0.0,13.98
205,2015/05/01 03:26,1013,0.0,1.604,308.2,2.646,66.02,0.0,13.98
206,2015/05/01 03:27,1013,0.0,1.479,306.9,2.671,65.63,0.0,13.98
207,2015/05/01 03:28,1013,0.0,0.646,296.0,2.755,64.97,0.0,13.98
208,2015/05/01 03:29,1013,0.0,0.646,299.5,2.753,64.64,0.0,13.98
209,2015/05/01 03:30,1013,0.0,0.0,0.0,2.731,64.61,0.0,13.98
210,2015/05/01 03:31,1013,0.0,0.146,274.6,2.687,64.67,0.0,13.98
211,2015/05/01 03:32,1013,0.0,0.0,0.0,2.701,64.74,0.0,13.98
212,2015/05/01 03:33,1013,0.0,0.021,261.6,2.698,64.77,0.0,13.98
213,2015/05/01 03:34,1013,0.0,0.0,0.0,2.671,64.81,0.0,13.98
214,2015/05/01 03:35,1013,0.0,0.0,0.0,2.66,64.9,0.0,13.98
215,2015/05/01 03:36,1013,0.0,0.0,0.0,2.676,65.07,0.0,13.98
216,2015/05/01 03:37,1013,0.0,0.0,0.0,2.616,65.1,0.0,13.98
217,2015/05/01 03:38,1013,0.0,0.0,0.0,2.471,65.4,0.0,13.98
218,2015/05/01 03:39,1013,0.0,0.0,0.0,2.381,65.69,0.0,13.98
219,2015/05/01 03:40,1013,0.0,0.0,0.0,2.277,66.15,0.0,13.98
220,2015/05/01 03:41,1013,0.0,0.0,0.0,2.219,66.81,0.0,13.98
221,2015/05/01 03:42,1013,0.0,0.771,258.2,2.206,67.47,0.0,13.98
222,2015/05/01 03:43,1013,0.0,1.021,264.1,2.214,67.63,0.0,13.98
223,2015/05/01 03:44,1013,0.0,0.938,270.7,2.189,67.79,0.0,13.98
224,2015/05/01 03:45,1013,0.0,1.208,273.4,2.206,67.93,0.0,13.98
225,2015/05/01 03:46,1013,0.0,0.854,272.0,2.2,68.12,0.0,13.98
226,2015/05/01 03:47,1013,0.0,0.938,276.9,2.208,68.12,0.0,13.98
227,2015/05/01 03:48,1013,0.0,0.771,278.3,2.2,68.12,0.0,13.98
228,2015/05/01 03:49,1013,0.0,0.25,281.3,2.173,68.19,0.0,13.98
229,2015/05/01 03:50,1013,0.0,0.083,293.9,2.2,68.22,0.0,13.98
230,2015/05/01 03:51,1013,0.0,0.0,0.0,2.2,68.12,0.0,13.99
231,2015/05/01 03:52,1013,0.0,0.0,0.0,2.17,68.22,0.0,13.98
232,2015/05/01 03:53,1013,0.0,0.0,0.0,2.195,68.38,0.0,13.99
233,2015/05/01 03:54,1013,0.0,0.0,0.0,2.192,68.42,0.0,13.99
234,2015/05/01 03:55,1013,0.0,0.875,258.7,2.189,68.22,0.0,13.99
235,2015/05/01 03:56,1013,0.0,0.604,234.3,2.096,68.06,0.0,13.99
236,2015/05/01 03:57,1013,0.0,1.458,247.5,1.989,68.35,0.0,13.99
237,2015/05/01 03:58,1013,0.0,0.896,246.9,1.962,68.58,0.0,13.99
238,2015/05/01 03:59,1013,0.0,0.125,251.5,1.921,68.65,0.0,13.99
239,2015/05/01 04:00,1013,0.0,1.521,253.3,1.875,68.84,0.0,13.99
240,2015/05/01 04:01,1013,0.0,1.542,252.3,1.834,69.01,0.0,13.99
241,2015/05/01 04:02,1013,0.0,1.771,254.5,1.823,69.24,0.0,13.99
242,2015/05/01 04:03,1013,0.0,1.167,253.9,1.828,69.24,0.0,13.99
243,2015/05/01 04:04,1013,0.0,0.125,249.9,1.812,69.3,0.0,13.99
244,2015/05/01 04:05,1013,0.0,0.479,247.3,1.765,69.3,0.0,13.99
245,2015/05/01 04:06,1013,0.0,0.375,255.5,1.743,69.44,0.0,13.99
246,2015/05/01 04:07,1013,0.0,0.0,0.0,1.727,69.5,0.0,13.99
247,2015/05/01 04:08,1013,0.0,0.625,241.1,1.694,69.57,0.0,13.99
248,2015/05/01 04:09,1013,0.0,0.104,262.6,1.637,69.63,0.0,13.99
249,2015/05/01 04:10,1013,0.0,0.0,0.0,1.623,69.83,0.0,13.99
250,2015/05/01 04:11,1013,0.0,0.271,259.9,1.631,69.93,0.0,13.99
251,2015/05/01 04:12,1013,0.0,1.271,253.6,1.626,69.96,0.0,13.99
252,2015/05/01 04:13,1013,0.0,1.167,247.9,1.626,69.96,0.0,13.99
253,2015/05/01 04:14,1013,0.0,1.271,253.1,1.612,70.0,0.0,13.99
254,2015/05/01 04:15,1013,0.0,0.979,249.9,1.571,70.1,0.0,13.99
255,2015/05/01 04:16,1013,0.0,0.063,258.5,1.557,70.2,0.0,13.99
256,2015/05/01 04:17,1013,0.0,0.0,0.0,1.571,70.3,0.0,13.99
257,2015/05/01 04:18,1013,0.0,0.833,250.7,1.538,70.2,0.0,13.99
258,2015/05/01 04:19,1013,0.0,0.729,246.9,1.508,70.3,0.0,13.99
259,2015/05/01 04:20,1013,0.0,0.0,0.0,1.489,70.3,0.0,14.0
260,2015/05/01 04:21,1013,0.0,0.0,0.0,1.461,70.4,0.0,14.0
261,2015/05/01 04:22,1013,0.0,0.0,0.0,1.464,70.6,0.0,14.0
262,2015/05/01 04:23,1013,0.0,0.0,0.0,1.489,70.6,0.0,14.0
263,2015/05/01 04:24,1013,0.0,0.0,0.0,1.519,70.5,0.0,14.0
264,2015/05/01 04:25,1013,0.0,0.0,0.0,1.53,70.5,0.0,14.0
265,2015/05/01 04:26,1013,0.0,0.0,0.0,1.533,70.5,0.0,14.0
266,2015/05/01 04:27,1013,0.0,0.0,0.0,1.538,70.6,0.0,14.0
267,2015/05/01 04:28,1013,0.0,0.0,0.0,1.524,70.4,0.0,14.0
268,2015/05/01 04:29,1013,0.0,0.0,0.0,1.497,70.2,0.0,14.0
269,2015/05/01 04:30,1013,0.0,0.0,0.0,1.461,70.2,0.0,14.0
270,2015/05/01 04:31,1013,0.0,0.0,0.0,1.467,70.3,0.0,14.0
271,2015/05/01 04:32,1013,0.0,0.0,0.0,1.489,70.3,0.0,14.0
272,2015/05/01 04:33,1013,0.0,0.0,0.0,1.494,70.3,0.0,14.0
273,2015/05/01 04:34,1013,0.0,0.0,0.0,1.522,70.2,0.0,14.0
274,2015/05/01 04:35,1013,0.0,0.0,0.0,1.549,70.2,0.0,14.0
275,2015/05/01 04:36,1013,0.0,0.0,0.0,1.585,70.0,0.0,14.0
276,2015/05/01 04:37,1013,0.0,0.125,270.9,1.596,69.96,0.0,14.0
277,2015/05/01 04:38,1013,0.0,0.875,265.8,1.612,69.89,0.0,14.0
278,2015/05/01 04:39,1013,0.0,0.375,268.4,1.631,69.76,0.0,14.0
279,2015/05/01 04:40,1013,0.0,0.208,267.7,1.642,69.63,0.0,14.0
280,2015/05/01 04:41,1013,0.0,0.0,0.0,1.645,69.57,0.0,14.0
281,2015/05/01 04:42,1013,0.0,0.0,0.0,1.634,69.5,0.0,14.0
282,2015/05/01 04:43,1013,0.0,0.0,0.0,1.634,69.5,0.0,14.0
283,2015/05/01 04:44,1013,0.0,0.0,0.0,1.642,69.5,0.0,14.0
284,2015/05/01 04:45,1013,0.0,0.042,287.2,1.645,69.44,0.0,14.0
285,2015/05/01 04:46,1013,0.0,0.0,0.0,1.637,69.4,0.0,14.0
286,2015/05/01 04:47,1013,0.0,0.0,0.0,1.634,69.37,0.0,14.0
287,2015/05/01 04:48,1013,0.0,0.125,226.1,1.623,69.44,0.0,14.0
288,2015/05/01 04:49,1013,0.0,0.104,273.4,1.604,69.44,0.0,14.01
289,2015/05/01 04:50,1013,0.0,0.729,276.7,1.574,69.5,0.0,14.0
290,2015/05/01 04:51,1013,0.0,1.396,276.4,1.568,69.57,0.0,14.0
291,2015/05/01 04:52,1013,0.0,0.583,282.7,1.544,69.57,0.0,14.01
292,2015/05/01 04:53,1013,0.0,0.104,273.5,1.527,69.76,0.0,14.01
293,2015/05/01 04:54,1013,0.0,0.208,282.1,1.53,69.83,0.0,14.01
294,2015/05/01 04:55,1013,0.0,0.438,295.0,1.53,69.89,0.0,14.01
295,2015/05/01 04:56,1013,0.0,0.542,294.4,1.535,69.96,0.0,14.01
296,2015/05/01 04:57,1013,0.0,0.0,0.0,1.519,69.96,0.0,14.01
297,2015/05/01 04:58,1013,0.0,0.167,274.7,1.502,69.96,0.0,14.01
298,2015/05/01 04:59,1013,0.0,0.375,274.8,1.494,70.0,0.0,14.01
299,2015/05/01 05:00,1013,0.0,0.021,262.5,1.481,70.0,0.0,14.01
300,2015/05/01 05:01,1013,0.0,0.0,0.0,1.456,70.1,0.0,14.01
301,2015/05/01 05:02,1013,0.0,0.0,0.0,1.445,70.1,0.0,14.01
302,2015/05/01 05:03,1013,0.0,0.0,0.0,1.442,70.2,0.0,14.01
303,2015/05/01 05:04,1013,0.0,0.0,0.0,1.418,70.2,0.0,14.01
304,2015/05/01 05:05,1013,0.0,0.0,0.0,1.412,70.4,0.0,14.01
305,2015/05/01 05:06,1013,0.0,0.0,0.0,1.431,70.5,0.0,14.01
306,2015/05/01 05:07,1013,0.0,0.0,0.0,1.423,70.6,0.0,14.01
307,2015/05/01 05:08,1013,0.0,0.0,0.0,1.42,70.6,0.0,14.01
308,2015/05/01 05:09,1013,0.0,0.0,0.0,1.429,70.6,0.0,14.01
309,2015/05/01 05:10,1013,0.0,0.0,0.0,1.431,70.6,0.0,14.01
310,2015/05/01 05:11,1013,0.0,0.0,0.0,1.434,70.6,0.0,14.01
311,2015/05/01 05:12,1013,0.0,0.0,0.0,1.423,70.6,0.0,14.01
312,2015/05/01 05:13,1013,0.0,0.0,0.0,1.393,70.6,0.0,14.02
313,2015/05/01 05:14,1013,0.0,0.0,0.0,1.371,70.6,0.0,14.01
314,2015/05/01 05:15,1013,0.0,0.0,0.0,1.349,70.7,0.0,14.01
315,2015/05/01 05:16,1013,0.0,0.0,0.0,1.24,70.5,0.0,14.02
316,2015/05/01 05:17,1013,0.0,0.0,0.0,1.111,70.6,0.0,14.02
317,2015/05/01 05:18,1013,0.0,0.0,0.0,1.016,70.9,0.0,14.01
318,2015/05/01 05:19,1013,0.0,0.0,0.0,0.98,71.3,0.0,14.02
319,2015/05/01 05:20,1013,0.0,0.0,0.0,1.021,71.7,0.0,14.02
320,2015/05/01 05:21,1013,0.0,0.833,243.7,1.067,71.8,0.0,14.02
321,2015/05/01 05:22,1013,0.0,1.333,253.9,1.021,71.9,0.0,14.02
322,2015/05/01 05:23,1013,0.0,1.729,265.5,1.051,72.1,0.0,14.02
323,2015/05/01 05:24,1013,0.0,1.688,267.3,1.128,72.1,0.0,14.02
324,2015/05/01 05:25,1013,0.0,1.688,269.5,1.185,72.1,0.0,14.02
325,2015/05/01 05:26,1013,0.0,1.354,273.6,1.226,71.9,0.0,14.02
326,2015/05/01 05:27,1013,0.0,0.063,274.6,1.262,71.7,0.0014798,14.02
327,2015/05/01 05:28,1013,0.0,0.0,0.0,1.292,71.6,0.0014798,14.02
328,2015/05/01 05:29,1013,0.0,1.354,276.0,1.338,71.4,0.0014798,14.02
329,2015/05/01 05:30,1013,0.0,0.854,274.5,1.352,71.3,0.0014798,14.02
330,2015/05/01 05:31,1013,0.0,1.063,260.6,1.385,71.1,0.0014798,14.02
331,2015/05/01 05:32,1013,0.0,1.042,258.9,1.396,71.0,0.0029596,14.02
332,2015/05/01 05:33,1013,0.0,0.708,282.2,1.396,70.9,0.0029596,14.02
333,2015/05/01 05:34,1013,0.0,0.875,268.2,1.404,70.8,0.0029596,14.02
334,2015/05/01 05:35,1013,0.0,0.167,257.5,1.396,70.8,0.0029596,14.02
335,2015/05/01 05:36,1013,0.0,0.313,262.3,1.399,70.8,0.0044394,14.02
336,2015/05/01 05:37,1013,0.0,1.0,263.7,1.407,70.7,0.0044394,14.02
337,2015/05/01 05:38,1013,0.0,0.396,264.0,1.401,70.7,0.0044394,14.02
338,2015/05/01 05:39,1013,0.0,0.438,273.3,1.385,70.7,0.0059192,14.02
339,2015/05/01 05:40,1013,0.0,0.146,270.5,1.352,70.7,0.0059192,14.02
340,2015/05/01 05:41,1013,0.0,0.146,292.7,1.306,70.7,0.0059192,14.02
341,2015/05/01 05:42,1013,0.0,0.063,280.9,1.254,70.7,0.007399,14.02
342,2015/05/01 05:43,1013,0.0,0.333,291.2,1.237,70.9,0.007399,14.02
343,2015/05/01 05:44,1013,0.0,0.021,280.7,1.223,70.9,0.0088788,14.02
344,2015/05/01 05:45,1013,0.0,0.0,0.0,1.21,71.1,0.0088788,14.02
345,2015/05/01 05:46,1013,0.0,0.0,0.0,1.185,71.1,0.0088788,14.02
346,2015/05/01 05:47,1013,0.0,0.0,0.0,1.193,71.3,0.0088788,14.02
347,2015/05/01 05:48,1013,0.0,0.0,0.0,1.202,71.3,0.0103586,14.02
348,2015/05/01 05:49,1013,0.0,0.0,0.0,1.182,71.3,0.0103586,14.02
349,2015/05/01 05:50,1013,0.0,0.0,0.0,1.139,71.2,0.0103586,14.02
350,2015/05/01 05:51,1013,0.0,0.0,0.0,1.092,71.4,0.0118384,14.02
351,2015/05/01 05:52,1013,0.0,0.0,0.0,1.114,71.5,0.0118384,14.02
352,2015/05/01 05:53,1013,0.0,0.0,0.0,1.119,71.6,0.0118384,14.02
353,2015/05/01 05:54,1013,0.0,0.0,0.0,1.119,71.7,0.0133182,14.02
354,2015/05/01 05:55,1013,0.0,0.0,0.0,1.125,71.7,0.0133182,14.02
355,2015/05/01 05:56,1013,0.0,0.0,0.0,1.125,71.7,0.0133182,14.02
356,2015/05/01 05:57,1013,0.0,0.0,0.0,1.128,71.7,0.014798,14.02
357,2015/05/01 05:58,1013,0.0,0.0,0.0,1.147,71.7,0.014798,14.02
358,2015/05/01 05:59,1013,0.0,0.0,0.0,1.155,71.7,0.014798,14.02
359,2015/05/01 06:00,1013,0.0,0.0,0.0,1.133,71.6,0.0162778,14.02
360,2015/05/01 06:01,1013,0.0,0.0,0.0,1.133,71.7,0.0162778,14.02
361,2015/05/01 06:02,1013,0.0,0.0,0.0,1.122,71.7,0.0162778,14.02
362,2015/05/01 06:03,1013,0.0,0.0,0.0,1.103,71.8,0.0177576,14.02
363,2015/05/01 06:04,1013,0.0,0.0,0.0,1.1,71.8,0.0177576,14.02
364,2015/05/01 06:05,1013,0.0,0.0,0.0,1.084,71.9,0.0177576,14.02
365,2015/05/01 06:06,1013,0.0,0.0,0.0,1.076,71.9,0.0192374,14.02
366,2015/05/01 06:07,1013,0.0,1.083,253.2,1.073,72.0,0.0192374,14.02
367,2015/05/01 06:08,1013,0.0,1.521,255.2,1.111,72.0,0.0207172,14.02
368,2015/05/01 06:09,1013,0.0,0.958,268.9,1.136,71.9,0.0207172,14.02
369,2015/05/01 06:10,1013,0.0,0.979,269.1,1.171,71.8,0.0207172,14.02
370,2015/05/01 06:11,1013,0.0,0.5,271.2,1.193,71.7,0.022197,14.02
371,2015/05/01 06:12,1013,0.0,0.625,292.3,1.21,71.5,0.022197,14.02
372,2015/05/01 06:13,1013,0.0,0.667,278.1,1.207,71.3,0.0236768,14.02
373,2015/05/01 06:14,1013,0.0,0.083,285.0,1.207,71.3,0.0266364,14.02
374,2015/05/01 06:15,1013,0.0,0.688,280.0,1.202,71.3,0.029596,14.02
375,2015/05/01 06:16,1013,0.0,0.021,316.3,1.215,71.3,0.0325556,14.02
376,2015/05/01 06:17,1013,0.0,0.0,0.0,1.234,71.3,0.0310758,14.02
377,2015/05/01 06:18,1013,0.0,0.0,0.0,1.237,71.3,0.0281162,14.02
378,2015/05/01 06:19,1013,0.0,0.0,0.0,1.221,71.3,0.0266364,14.02
379,2015/05/01 06:20,1013,0.0,0.0,0.0,1.243,71.4,0.0266364,14.02
380,2015/05/01 06:21,1013,0.0,0.0,0.0,1.234,71.4,0.0266364,14.02
381,2015/05/01 06:22,1013,0.0,0.0,0.0,1.21,71.3,0.0266364,14.02
382,2015/05/01 06:23,1013,0.0,0.0,0.0,1.185,71.5,0.0281162,14.03
383,2015/05/01 06:24,1013,0.0,0.0,0.0,1.193,71.5,0.029596,14.02
384,2015/05/01 06:25,1013,0.0,0.0,0.0,1.191,71.5,0.0340354,14.02
385,2015/05/01 06:26,1013,0.0,0.0,0.0,1.185,71.5,0.0429142,14.02
386,2015/05/01 06:27,1013,0.0,0.0,0.0,1.188,71.6,0.044394,14.03
387,2015/05/01 06:28,1013,0.0,0.0,0.0,1.196,71.7,0.0355152,14.03
388,2015/05/01 06:29,1013,0.0,0.0,0.0,1.234,71.7,0.0355152,14.03
389,2015/05/01 06:30,1013,0.0,0.0,0.0,1.232,71.7,0.0355152,14.02
390,2015/05/01 06:31,1013,0.0,0.0,0.0,1.259,71.7,0.0429142,14.02
391,2015/05/01 06:32,1013,0.0,0.0,0.0,1.243,71.7,0.0532728,14.03
392,2015/05/01 06:33,1013,0.0,0.0,0.0,1.24,71.8,0.066591,14.03
393,2015/05/01 06:34,1013,0.0,0.0,0.0,1.259,71.8,0.088788,14.03
394,2015/05/01 06:35,1013,0.0,0.0,0.0,1.237,71.8,0.0873082,14.03
395,2015/05/01 06:36,1013,0.0,0.0,0.0,1.237,71.9,0.0976668,14.03
396,2015/05/01 06:37,1013,0.0,0.0,0.0,1.27,72.1,0.088788,14.03
397,2015/05/01 06:38,1013,0.0,0.0,0.0,1.352,72.2,0.100626,14.03
398,2015/05/01 06:39,1013,0.0,0.0,0.0,1.377,72.1,0.0976668,14.03
399,2015/05/01 06:40,1013,0.0,0.0,0.0,1.415,72.1,0.118384,14.03
400,2015/05/01 06:41,1013,0.0,0.0,0.0,1.445,71.9,0.116904,14.03
401,2015/05/01 06:42,1013,0.0,0.0,0.0,1.475,71.8,0.109505,14.02
402,2015/05/01 06:43,1013,0.0,0.0,0.0,1.554,71.8,0.110985,14.03
403,2015/05/01 06:44,1013,0.0,0.0,0.0,1.609,71.7,0.110985,14.02
404,2015/05/01 06:45,1013,0.0,0.0,0.0,1.615,71.5,0.112465,14.03
405,2015/05/01 06:46,1013,0.0,0.0,0.0,1.653,71.3,0.0902678,14.03
406,2015/05/01 06:47,1013,0.0,0.0,0.0,1.639,71.2,0.0606718,14.03
407,2015/05/01 06:48,1013,0.0,0.0,0.0,1.642,71.1,0.066591,14.02
408,2015/05/01 06:49,1013,0.0,0.0,0.0,1.656,71.1,0.0754698,14.03
409,2015/05/01 06:50,1013,0.0,0.0,0.0,1.664,71.3,0.0799092,14.02
410,2015/05/01 06:51,1013,0.0,0.0,0.0,1.689,71.1,0.0902678,14.02
411,2015/05/01 06:52,1013,0.0,0.0,0.0,1.738,71.2,0.0873082,14.03
412,2015/05/01 06:53,1013,0.0,0.0,0.0,1.702,70.9,0.0858284,14.02
413,2015/05/01 06:54,1013,0.0,0.0,0.0,1.631,70.7,0.0828688,14.02
414,2015/05/01 06:55,1013,0.0,0.0,0.0,1.617,70.7,0.0991466,14.02
415,2015/05/01 06:56,1013,0.0,0.0,0.0,1.56,70.7,0.143541,14.02
416,2015/05/01 06:57,1013,0.0,0.0,0.0,1.56,70.9,0.165738,14.02
417,2015/05/01 06:58,1013,0.0,0.0,0.0,1.574,70.9,0.164258,14.02
418,2015/05/01 06:59,1013,0.0,0.0,0.0,1.647,71.3,0.155379,14.02
419,2015/05/01 07:00,1013,0.0,0.0,0.0,1.721,71.1,0.155379,14.02
420,2015/05/01 07:01,1013,0.0,0.0,0.0,1.699,71.0,0.14946,14.02
421,2015/05/01 07:02,1013,0.0,0.0,0.0,1.724,71.0,0.14502,14.02
422,2015/05/01 07:03,1013,0.0,0.0,0.0,1.721,70.8,0.108025,14.02
423,2015/05/01 07:04,1013,0.0,0.0,0.0,1.727,70.9,0.136142,14.02
424,2015/05/01 07:05,1013,0.0,0.0,0.0,1.771,71.0,0.167217,14.02
425,2015/05/01 07:06,1013,0.0,0.0,0.0,1.768,70.8,0.176096,14.02
426,2015/05/01 07:07,1013,0.0,0.188,233.6,1.806,70.7,0.204212,14.02
427,2015/05/01 07:08,1013,0.0,0.708,247.0,1.842,70.6,0.211611,14.02
428,2015/05/01 07:09,1013,0.0,1.604,251.2,1.844,70.3,0.177576,14.02
429,2015/05/01 07:10,1013,0.0,0.917,264.1,1.872,70.2,0.208652,14.02
430,2015/05/01 07:11,1013,0.0,1.292,262.7,1.896,69.89,0.205692,14.02
431,2015/05/01 07:12,1013,0.0,0.438,290.7,1.935,69.76,0.182015,14.01
432,2015/05/01 07:13,1013,0.0,0.813,266.5,1.951,69.5,0.162778,14.01
433,2015/05/01 07:14,1013,0.0,0.021,250.4,1.987,69.53,0.106546,14.01
434,2015/05/01 07:15,1013,0.0,0.0,0.0,1.998,69.3,0.0947072,14.01
435,2015/05/01 07:16,1013,0.0,0.0,0.0,2.044,69.3,0.088788,14.01
436,2015/05/01 07:17,1013,0.0,0.104,250.0,2.052,69.24,0.0902678,14.01
437,2015/05/01 07:18,1013,0.0,0.0,0.0,2.047,69.01,0.0947072,14.01
438,2015/05/01 07:19,1013,0.0,0.0,0.0,2.028,68.91,0.103586,14.01
439,2015/05/01 07:20,1013,0.0,0.021,221.3,2.041,68.91,0.113945,14.01
440,2015/05/01 07:21,1013,0.0,0.0,0.0,2.055,68.94,0.119864,14.01
441,2015/05/01 07:22,1013,0.0,0.0,0.0,2.072,68.84,0.116904,14.01
442,2015/05/01 07:23,1013,0.0,0.0,0.0,2.091,68.91,0.109505,14.01
443,2015/05/01 07:24,1013,0.0,0.0,0.0,2.11,68.91,0.106546,14.0
444,2015/05/01 07:25,1013,0.0,0.0,0.0,2.137,68.91,0.112465,14.01
445,2015/05/01 07:26,1013,0.0,0.167,312.9,2.176,68.91,0.122823,14.0
446,2015/05/01 07:27,1013,0.0,0.0,0.0,2.148,68.52,0.125783,14.0
447,2015/05/01 07:28,1013,0.0,0.021,311.9,2.069,68.25,0.140581,14.0
448,2015/05/01 07:29,1013,0.0,0.125,299.4,2.088,68.38,0.161298,14.0
449,2015/05/01 07:30,1013,0.0,0.0,0.0,2.129,68.45,0.201253,14.0
450,2015/05/01 07:31,1013,0.0,0.292,279.6,2.113,68.38,0.14946,14.0
451,2015/05/01 07:32,1013,0.0,0.604,274.0,2.121,68.38,0.153899,14.0
452,2015/05/01 07:33,1013,0.0,0.667,264.9,2.118,68.42,0.15094,14.0
453,2015/05/01 07:34,1013,0.0,0.0,0.0,2.173,68.58,0.139101,14.0
454,2015/05/01 07:35,1013,0.0,0.0,0.0,2.208,68.78,0.122823,13.99
455,2015/05/01 07:36,1013,0.0,0.021,295.5,2.247,68.84,0.128743,13.99
456,2015/05/01 07:37,1013,0.0,0.167,261.2,2.252,68.84,0.14502,13.99
457,2015/05/01 07:38,1013,0.0,0.313,268.7,2.271,69.01,0.131702,13.99
458,2015/05/01 07:39,1013,0.0,0.5,258.1,2.282,68.98,0.134662,13.99
459,2015/05/01 07:40,1013,0.0,0.458,275.2,2.274,69.04,0.136142,13.99
460,2015/05/01 07:41,1013,0.0,0.104,243.6,2.304,69.27,0.131702,13.99
461,2015/05/01 07:42,1013,0.0,0.0,0.0,2.334,69.37,0.124303,13.99
462,2015/05/01 07:43,1013,0.0,0.0,0.0,2.367,69.34,0.121344,13.99
463,2015/05/01 07:44,1013,0.0,0.0,0.0,2.403,69.44,0.119864,13.99
464,2015/05/01 07:45,1013,0.0,0.0,0.0,2.411,69.37,0.118384,13.99
465,2015/05/01 07:46,1013,0.0,0.0,0.0,2.452,69.37,0.116904,13.99
466,2015/05/01 07:47,1013,0.0,0.0,0.0,2.452,69.4,0.118384,13.99
467,2015/05/01 07:48,1013,0.0,0.021,245.0,2.433,69.24,0.124303,13.99
468,2015/05/01 07:49,1013,0.0,0.0,0.0,2.433,69.14,0.134662,13.99
469,2015/05/01 07:50,1013,0.0,0.0,0.0,2.392,69.04,0.1465,13.98
470,2015/05/01 07:51,1013,0.0,0.0,0.0,2.424,69.3,0.159818,13.98
471,2015/05/01 07:52,1013,0.0,0.0,0.0,2.444,69.24,0.162778,13.98
472,2015/05/01 07:53,1013,0.0,0.0,0.0,2.485,69.17,0.173137,13.98
473,2015/05/01 07:54,1013,0.0,0.438,296.7,2.498,69.14,0.177576,13.98
474,2015/05/01 07:55,1013,0.0,0.208,299.0,2.493,68.65,0.211611,13.98
475,2015/05/01 07:56,1013,0.0,0.125,319.2,2.504,68.52,0.291521,13.98
476,2015/05/01 07:57,1013,0.0,1.292,314.5,2.528,68.02,0.250086,13.98
477,2015/05/01 07:58,1013,0.0,1.313,306.1,2.526,67.73,0.245647,13.98
478,2015/05/01 07:59,1013,0.0,1.167,312.9,2.548,67.47,0.244167,13.98
479,2015/05/01 08:00,1013,0.0,1.313,306.9,2.561,67.37,0.196813,13.97
480,2015/05/01 08:01,1013,0.0,0.792,277.3,2.605,67.33,0.184975,13.97
481,2015/05/01 08:02,1013,0.0,0.813,246.7,2.594,67.27,0.167217,13.97
482,2015/05/01 08:03,1013,0.0,0.167,250.7,2.652,67.47,0.164258,13.97
483,2015/05/01 08:04,1013,0.0,0.063,257.7,2.706,67.66,0.165738,13.97
484,2015/05/01 08:05,1013,0.0,1.042,260.5,2.72,67.33,0.167217,13.97
485,2015/05/01 08:06,1013,0.0,0.938,272.9,2.69,67.01,0.21901,13.97
486,2015/05/01 08:07,1013,0.0,0.854,276.5,2.657,66.61,0.190894,13.97
487,2015/05/01 08:08,1013,0.0,0.021,264.7,2.698,66.81,0.186455,13.97
488,2015/05/01 08:09,1013,0.0,0.0,0.0,2.753,66.94,0.176096,13.97
489,2015/05/01 08:10,1013,0.0,0.146,314.0,2.788,66.55,0.199773,13.97
490,2015/05/01 08:11,1013,0.0,1.271,310.3,2.706,66.28,0.267844,13.96
491,2015/05/01 08:12,1013,0.0,0.146,308.7,2.712,66.32,0.233808,13.96
492,2015/05/01 08:13,1013,0.0,0.417,277.1,2.745,66.48,0.199773,13.96
493,2015/05/01 08:14,1013,0.0,0.208,271.5,2.821,66.61,0.251566,13.96
494,2015/05/01 08:15,1013,0.0,0.0,0.0,2.87,66.55,0.253046,13.96
495,2015/05/01 08:16,1013,0.0,0.5,280.8,2.89,66.38,0.208652,13.96
496,2015/05/01 08:17,1013,0.0,0.0,0.0,2.859,66.05,0.352192,13.96
497,2015/05/01 08:18,1013,0.0,0.521,304.8,2.895,66.15,0.290041,13.96
498,2015/05/01 08:19,1013,0.0,0.208,320.3,2.917,65.99,0.168697,13.96
499,2015/05/01 08:20,1013,0.0,0.0,0.0,2.884,65.69,0.162778,13.96
500,2015/05/01 08:21,1013,0.0,0.354,270.3,2.851,65.3,0.170177,13.96
501,2015/05/01 08:22,1013,0.0,0.0,0.0,2.843,65.43,0.192374,13.96
502,2015/05/01 08:23,1013,0.0,0.0,0.0,2.87,65.5,0.192374,13.96
503,2015/05/01 08:24,1013,0.0,0.0,0.0,2.928,65.43,0.199773,13.95
504,2015/05/01 08:25,1013,0.0,0.0,0.0,2.857,64.71,0.213091,13.95
505,2015/05/01 08:26,1013,0.0,0.0,0.0,2.81,64.51,0.227889,13.95
506,2015/05/01 08:27,1013,0.0,0.0,0.0,2.87,64.87,0.247127,13.95
507,2015/05/01 08:28,1013,0.0,0.0,0.0,2.933,64.97,0.233808,13.95
508,2015/05/01 08:29,1013,0.0,0.0,0.0,2.985,65.1,0.22345,13.95
509,2015/05/01 08:30,1013,0.0,0.0,0.0,3.04,64.81,0.213091,13.95
510,2015/05/01 08:31,1013,0.0,0.0,0.0,3.056,64.71,0.210132,13.95
511,2015/05/01 08:32,1013,0.0,0.0,0.0,3.056,64.51,0.207172,13.95
512,2015/05/01 08:33,1013,0.0,0.0,0.0,3.13,64.67,0.210132,13.94
513,2015/05/01 08:34,1013,0.0,0.021,327.0,3.188,64.74,0.213091,13.94
514,2015/05/01 08:35,1013,0.0,0.0,0.0,3.193,64.58,0.21901,13.94
515,2015/05/01 08:36,1013,0.0,0.0,0.0,3.248,64.64,0.232329,13.94
516,2015/05/01 08:37,1013,0.0,0.042,309.0,3.314,64.51,0.238248,13.94
517,2015/05/01 08:38,1013,0.0,1.271,314.2,3.231,63.85,0.244167,13.94
518,2015/05/01 08:39,1013,0.0,0.0,0.0,3.175,64.11,0.253046,13.94
519,2015/05/01 08:40,1013,0.0,0.021,5.25,3.219,64.25,0.241207,13.94
520,2015/05/01 08:41,1013,0.0,0.438,318.2,3.213,64.18,0.235288,13.93
521,2015/05/01 08:42,1013,0.0,1.667,312.4,3.202,64.01,0.227889,13.93
522,2015/05/01 08:43,1013,0.0,0.438,317.9,3.136,64.18,0.22345,13.93
523,2015/05/01 08:44,1013,0.0,0.0,0.0,3.19,64.51,0.22493,13.93
524,2015/05/01 08:45,1013,0.0,0.0,0.0,3.294,64.64,0.235288,13.93
525,2015/05/01 08:46,1013,0.0,0.0,0.0,3.384,64.41,0.247127,13.93
526,2015/05/01 08:47,1013,0.0,0.333,266.4,3.395,64.11,0.261925,13.92
527,2015/05/01 08:48,1013,0.0,0.0,0.0,3.397,63.78,0.273763,13.93
528,2015/05/01 08:49,1013,0.0,0.0,0.0,3.408,63.98,0.267844,13.92
529,2015/05/01 08:50,1013,0.0,0.0,0.0,3.473,63.81,0.264884,13.92
530,2015/05/01 08:51,1013,0.0,0.0,0.0,3.522,63.98,0.275243,13.92
531,2015/05/01 08:52,1013,0.0,0.0,0.0,3.58,63.58,0.281162,13.92
532,2015/05/01 08:53,1013,0.0,0.042,285.4,3.563,63.52,0.282642,13.92
533,2015/05/01 08:54,1013,0.0,0.229,254.2,3.631,63.85,0.275243,13.92
534,2015/05/01 08:55,1013,0.0,0.0,0.0,3.716,63.58,0.264884,13.92
535,2015/05/01 08:56,1013,0.0,0.0,0.0,3.751,63.58,0.260445,13.92
536,2015/05/01 08:57,1013,0.0,0.0,0.0,3.806,63.65,0.260445,13.91
537,2015/05/01 08:58,1013,0.0,0.0,0.0,3.833,63.19,0.258965,13.91
538,2015/05/01 08:59,1013,0.0,0.0,0.0,3.899,63.19,0.260445,13.91
539,2015/05/01 09:00,1013,0.0,0.0,0.0,3.934,62.89,0.260445,13.91
540,2015/05/01 09:01,1013,0.0,0.0,0.0,3.909,62.6,0.253046,13.91
541,2015/05/01 09:02,1013,0.0,0.0,0.0,3.876,62.79,0.242687,13.91
542,2015/05/01 09:03,1013,0.0,0.0,0.0,3.948,62.86,0.236768,13.91
543,2015/05/01 09:04,1013,0.0,0.0,0.0,3.937,62.63,0.241207,13.91
544,2015/05/01 09:05,1013,0.0,0.0,0.0,4.013,63.09,0.247127,13.9
545,2015/05/01 09:06,1013,0.0,0.0,0.0,4.065,62.47,0.244167,13.9
546,2015/05/01 09:07,1013,0.0,0.0,0.0,3.994,62.6,0.241207,13.9
547,2015/05/01 09:08,1013,0.0,0.0,0.0,4.007,62.56,0.238248,13.9
548,2015/05/01 09:09,1013,0.0,0.0,0.0,3.977,62.53,0.233808,13.9
549,2015/05/01 09:10,1013,0.0,0.0,0.0,3.953,62.66,0.230849,13.9
550,2015/05/01 09:11,1013,0.0,0.0,0.0,4.032,62.93,0.232329,13.9
551,2015/05/01 09:12,1013,0.0,0.0,0.0,4.114,62.53,0.230849,13.9
552,2015/05/01 09:13,1013,0.0,0.0,0.0,4.166,62.53,0.242687,13.89
553,2015/05/01 09:14,1013,0.0,0.396,282.3,4.251,62.24,0.250086,13.9
554,2015/05/01 09:15,1013,0.0,0.021,255.4,4.368,62.2,0.256005,13.89
555,2015/05/01 09:16,1013,0.0,0.0,0.0,4.508,61.94,0.233808,13.89
556,2015/05/01 09:17,1013,0.0,0.0,0.0,4.508,61.12,0.22493,13.89
557,2015/05/01 09:18,1013,0.0,0.0,0.0,4.508,61.22,0.214571,13.89
558,2015/05/01 09:19,1013,0.0,0.0,0.0,4.51,61.02,0.213091,13.89
559,2015/05/01 09:20,1013,0.0,0.0,0.0,4.529,61.09,0.216051,13.89
560,2015/05/01 09:21,1013,0.0,0.0,0.0,4.535,61.15,0.22197,13.89
561,2015/05/01 09:22,1013,0.0,0.0,0.0,4.554,61.15,0.22345,13.88
562,2015/05/01 09:23,1013,0.0,0.0,0.0,4.639,61.35,0.216051,13.88
563,2015/05/01 09:24,1013,0.0,0.0,0.0,4.776,60.89,0.211611,13.88
564,2015/05/01 09:25,1013,0.0,0.0,0.0,4.817,60.27,0.216051,13.88
565,2015/05/01 09:26,1013,0.0,0.021,25.78,4.811,59.97,0.230849,13.88
566,2015/05/01 09:27,1013,0.0,0.0,0.0,4.901,59.84,0.247127,13.88
567,2015/05/01 09:28,1013,0.0,0.0,0.0,4.977,59.71,0.261925,13.88
568,2015/05/01 09:29,1013,0.0,0.229,2.426,5.034,58.92,0.273763,13.87
569,2015/05/01 09:30,1013,0.0,0.083,308.2,5.009,58.89,0.282642,13.87
570,2015/05/01 09:31,1013,0.0,0.188,344.1,5.08,58.98,0.287081,13.87
571,2015/05/01 09:32,1013,0.0,0.0,0.0,5.189,58.46,0.288561,13.87
572,2015/05/01 09:33,1013,0.0,0.417,353.2,5.175,58.1,0.285601,13.87
573,2015/05/01 09:34,1013,0.0,1.042,309.0,5.079,57.87,0.282642,13.87
574,2015/05/01 09:35,1013,0.0,1.25,320.9,4.952,57.87,0.279682,13.87
575,2015/05/01 09:36,1013,0.0,0.042,346.3,4.944,58.19,0.281162,13.87
576,2015/05/01 09:37,1013,0.0,0.479,347.5,4.946,58.29,0.291521,13.87
577,2015/05/01 09:38,1013,0.0,0.25,15.27,5.015,58.49,0.29744,13.86
578,2015/05/01 09:39,1013,0.0,0.208,327.2,5.036,58.03,0.300399,13.86
579,2015/05/01 09:40,1013,0.0,0.25,303.9,5.08,58.19,0.318157,13.86
580,2015/05/01 09:41,1013,0.0,0.625,4.289,5.085,57.76,0.346273,13.86
581,2015/05/01 09:42,1013,0.0,1.771,28.02,4.989,57.44,0.346273,13.86
582,2015/05/01 09:43,1013,0.0,1.042,25.61,4.885,58.03,0.347753,13.86
583,2015/05/01 09:44,1013,0.0,0.708,350.0,4.825,58.26,0.353672,13.86
584,2015/05/01 09:45,1013,0.0,0.729,13.13,4.934,58.58,0.389187,13.86
585,2015/05/01 09:46,1013,0.0,1.063,13.13,5.032,58.22,0.389187,13.86
586,2015/05/01 09:47,1013,0.0,0.188,315.8,5.084,57.86,0.401026,13.85
587,2015/05/01 09:48,1013,0.0,0.0,0.0,5.076,57.8,0.411384,13.86
588,2015/05/01 09:49,1013,0.0,0.708,30.18,5.114,57.53,0.424703,13.85
589,2015/05/01 09:50,1013,0.0,0.563,36.3,5.103,57.73,0.546046,13.85
590,2015/05/01 09:51,1013,0.0,0.688,24.23,5.095,57.57,0.44542,13.85
591,2015/05/01 09:52,1013,0.0,0.354,333.9,5.002,57.76,0.329995,13.85
592,2015/05/01 09:53,1013,0.0,0.25,339.3,5.021,58.06,0.303359,13.85
593,2015/05/01 09:54,1013,0.0,0.063,79.3,5.138,58.26,0.291521,13.85
594,2015/05/01 09:55,1013,0.0,0.229,70.6,5.247,58.32,0.275243,13.84
595,2015/05/01 09:56,1013,0.0,0.438,68.99,5.521,57.63,0.266364,13.84
596,2015/05/01 09:57,1013,0.0,0.104,40.6,5.633,57.24,0.278202,13.84
597,2015/05/01 09:58,1013,0.0,0.542,61.03,5.696,56.55,0.329995,13.84
598,2015/05/01 09:59,1013,0.0,1.167,44.78,5.556,56.88,0.364031,13.84
599,2015/05/01 10:00,1013,0.0,0.417,35.6,5.513,57.14,0.374389,13.84
600,2015/05/01 10:01,1013,0.0,0.0,0.0,5.605,57.3,0.409905,13.84
601,2015/05/01 10:02,1013,0.0,0.0,0.0,5.693,57.24,0.420263,13.84
602,2015/05/01 10:03,1013,0.0,0.0,0.0,5.764,57.37,0.680708,13.83
603,2015/05/01 10:04,1013,0.0,0.479,42.39,5.895,56.45,0.66887,13.83
604,2015/05/01 10:05,1013,0.0,2.042,79.7,5.808,55.92,0.716223,13.83
605,2015/05/01 10:06,1013,0.0,2.042,77.3,5.715,56.22,0.708824,13.83
606,2015/05/01 10:07,1013,0.0,0.875,78.1,5.655,56.65,0.426182,13.83
607,2015/05/01 10:08,1013,0.0,0.542,46.44,5.66,57.01,0.273763,13.82
608,2015/05/01 10:09,1013,0.0,0.125,46.07,5.739,57.04,0.282642,13.82
609,2015/05/01 10:10,1013,0.0,1.0,22.75,5.805,56.61,0.332955,13.82
610,2015/05/01 10:11,1013,0.0,1.896,37.98,5.663,56.94,0.568243,13.82
611,2015/05/01 10:12,1013,0.0,1.292,18.71,5.592,57.34,0.59044,13.82
612,2015/05/01 10:13,1013,0.0,0.917,24.48,5.663,57.2,0.475016,13.82
613,2015/05/01 10:14,1013,0.0,1.563,34.53,5.641,57.27,0.460218,13.82
614,2015/05/01 10:15,1013,0.0,0.958,5.745,5.531,57.57,0.501652,13.81
615,2015/05/01 10:16,1013,0.0,1.146,52.33,5.561,57.89,0.377349,13.81
616,2015/05/01 10:17,1013,0.0,1.438,44.28,5.586,58.02,0.293,13.81
617,2015/05/01 10:18,1013,0.0,1.375,35.69,5.479,58.19,0.304839,13.81
618,2015/05/01 10:19,1013,0.0,1.188,40.36,5.392,58.84,0.436541,13.81
619,2015/05/01 10:20,1013,0.0,1.208,42.56,5.523,59.11,0.528289,13.81
620,2015/05/01 10:21,1013,0.0,2.417,36.63,5.621,58.22,0.51645,13.81
621,2015/05/01 10:22,1013,0.0,1.104,53.04,5.485,58.68,0.500172,13.81
622,2015/05/01 10:23,1013,0.0,1.229,34.86,5.422,58.81,0.405465,13.81
623,2015/05/01 10:24,1013,0.0,1.604,53.8,5.474,58.84,0.480935,13.8
624,2015/05/01 10:25,1013,0.0,1.063,35.67,5.373,59.07,0.627435,13.81
625,2015/05/01 10:26,1013,0.0,0.292,13.69,5.468,59.3,0.581561,13.8
626,2015/05/01 10:27,1013,0.0,2.375,56.93,5.657,58.45,0.578602,13.8
627,2015/05/01 10:28,1013,0.0,2.688,37.78,5.597,58.65,0.602279,13.8
628,2015/05/01 10:29,1013,0.0,1.125,45.79,5.665,58.45,0.790213,13.8
629,2015/05/01 10:30,1013,0.0,0.833,64.24,5.81,58.52,0.534208,13.8
630,2015/05/01 10:31,1013,0.0,1.646,50.06,5.84,58.19,0.556405,13.8
631,2015/05/01 10:32,1013,0.0,0.667,52.01,5.922,58.35,0.689587,13.79
632,2015/05/01 10:33,1013,0.0,1.833,28.34,5.895,57.93,0.636314,13.79
633,2015/05/01 10:34,1013,0.0,1.563,37.22,5.701,58.12,0.657031,13.79
634,2015/05/01 10:35,1013,0.0,0.958,59.39,5.706,58.71,0.643713,13.79
635,2015/05/01 10:36,1013,0.0,0.958,65.74,5.892,58.88,0.639274,13.79
636,2015/05/01 10:37,1013,0.0,0.375,72.6,6.242,58.25,0.52089,13.78
637,2015/05/01 10:38,1013,0.0,1.542,56.05,6.354,57.34,0.414344,13.78
638,2015/05/01 10:39,1013,0.0,2.229,66.98,6.319,56.88,0.409905,13.78
639,2015/05/01 10:40,1013,0.0,2.771,32.79,6.13,57.2,0.622996,13.78
640,2015/05/01 10:41,1013,0.0,1.5,37.13,5.895,58.29,0.689587,13.78
641,2015/05/01 10:42,1013,0.0,1.375,33.53,5.93,58.32,0.646673,13.78
642,2015/05/01 10:43,1013,0.0,1.375,15.96,5.892,58.78,0.618556,13.78
643,2015/05/01 10:44,1013,0.0,0.813,25.96,5.898,58.84,0.624476,13.77
644,2015/05/01 10:45,1013,0.0,0.271,2.57,6.018,58.94,0.636314,13.77
645,2015/05/01 10:46,1013,0.0,1.729,40.84,6.075,58.52,0.657031,13.77
646,2015/05/01 10:47,1013,0.0,0.5,48.92,6.182,58.06,0.646673,13.77
647,2015/05/01 10:48,1013,0.0,2.5,34.84,5.95,58.48,0.637794,13.77
648,2015/05/01 10:49,1013,0.0,0.813,24.42,5.941,59.3,0.643713,13.77
649,2015/05/01 10:50,1013,0.0,1.417,28.39,6.053,58.78,0.66295,13.77
650,2015/05/01 10:51,1013,0.0,0.208,17.54,6.185,58.65,0.622996,13.77
651,2015/05/01 10:52,1013,0.0,1.167,45.5,6.305,57.66,0.686627,13.77
652,2015/05/01 10:53,1013,0.0,0.958,18.12,6.245,58.19,0.676269,13.77
653,2015/05/01 10:54,1013,0.0,2.604,17.64,6.119,58.52,0.617077,13.76
654,2015/05/01 10:55,1013,0.0,0.938,11.24,6.064,58.91,0.488334,13.76
655,2015/05/01 10:56,1013,0.0,2.292,35.52,6.021,58.98,0.609678,13.76
656,2015/05/01 10:57,1013,0.0,1.188,69.17,5.939,60.09,0.716223,13.76
657,2015/05/01 10:58,1014,0.0,1.813,43.99,6.22,58.98,0.680708,13.76
658,2015/05/01 10:59,1014,0.0,1.708,39.42,6.051,58.91,0.649632,13.76
659,2015/05/01 11:00,1014,0.0,0.563,36.81,5.985,59.37,0.597839,13.76
660,2015/05/01 11:01,1014,0.0,1.792,70.8,6.067,59.4,0.355152,13.76
661,2015/05/01 11:02,1013,0.0,2.813,59.38,6.103,58.75,0.399546,13.75
662,2015/05/01 11:03,1013,0.0,1.5,56.64,5.892,59.44,0.319637,13.75
663,2015/05/01 11:04,1013,0.0,1.75,61.83,5.909,59.47,0.4469,13.75
664,2015/05/01 11:05,1013,0.0,0.792,49.04,5.947,59.93,0.578602,13.75
665,2015/05/01 11:06,1013,0.0,2.833,40.58,5.865,60.03,0.599319,13.75
666,2015/05/01 11:07,1013,0.0,1.25,25.39,5.859,60.35,0.627435,13.75
667,2015/05/01 11:08,1013,0.0,0.833,73.6,5.998,60.16,0.655551,13.75
668,2015/05/01 11:09,1013,0.0,2.0,35.5,6.071,59.37,0.630395,13.75
669,2015/05/01 11:10,1013,0.0,2.438,35.18,5.825,60.09,0.612637,13.75
670,2015/05/01 11:11,1013,0.0,1.042,11.19,5.842,60.02,0.642233,13.75
671,2015/05/01 11:12,1013,0.0,0.063,104.2,6.036,60.48,0.618556,13.74
672,2015/05/01 11:13,1014,0.0,0.833,58.8,6.427,59.37,0.625955,13.74
673,2015/05/01 11:14,1014,0.0,0.792,93.3,6.635,58.75,0.624476,13.75
674,2015/05/01 11:15,1014,0.0,2.188,68.95,6.619,57.83,0.642233,13.74
675,2015/05/01 11:16,1014,0.0,1.167,62.73,6.531,57.86,0.686627,13.74
676,2015/05/01 11:17,1014,0.0,1.292,71.1,6.438,58.15,0.699945,13.74
677,2015/05/01 11:18,1014,0.0,1.813,55.49,6.406,58.32,0.711784,13.74
678,2015/05/01 11:19,1014,0.0,1.354,47.53,6.384,58.71,0.698466,13.74
679,2015/05/01 11:20,1013,0.0,2.667,50.87,6.221,59.04,0.618556,13.73
680,2015/05/01 11:21,1014,0.0,2.688,57.26,6.144,59.17,0.556405,13.73
681,2015/05/01 11:22,1014,0.0,1.396,53.4,6.054,60.15,0.646673,13.73
682,2015/05/01 11:23,1014,0.0,2.104,56.59,6.151,59.89,0.648152,13.73
683,2015/05/01 11:24,1013,0.0,1.313,61.71,6.16,59.63,0.628915,13.73
684,2015/05/01 11:25,1014,0.0,1.479,42.22,6.296,59.69,0.529768,13.73
685,2015/05/01 11:26,1013,0.0,1.083,51.01,6.473,58.87,0.658511,13.72
686,2015/05/01 11:27,1013,0.0,1.75,55.05,6.347,59.43,0.679228,13.72
687,2015/05/01 11:28,1013,0.0,2.313,53.66,6.331,59.17,0.705865,13.72
688,2015/05/01 11:29,1013,0.0,1.604,64.29,6.393,59.43,0.726582,13.72
689,2015/05/01 11:30,1013,0.0,1.25,50.18,6.456,58.9,0.705865,13.72
690,2015/05/01 11:31,1013,0.0,1.646,44.41,6.535,58.51,0.66887,13.72
691,2015/05/01 11:32,1013,0.0,2.083,68.55,6.47,57.56,0.698466,13.71
692,2015/05/01 11:33,1013,0.0,1.375,74.9,6.419,58.25,0.614117,13.71
693,2015/05/01 11:34,1013,0.0,1.833,73.5,6.506,57.85,0.759137,13.71
694,2015/05/01 11:35,1013,0.0,1.167,63.86,6.558,57.65,0.747299,13.71
695,2015/05/01 11:36,1013,0.0,0.021,149.7,6.651,58.11,0.733981,13.71
696,2015/05/01 11:37,1013,0.0,0.0,0.0,6.847,57.0,0.719183,13.71
697,2015/05/01 11:38,1013,0.0,0.083,335.9,6.707,57.06,0.726582,13.7
698,2015/05/01 11:39,1013,0.0,2.729,37.78,6.534,57.69,0.7399,13.7
699,2015/05/01 11:40,1013,0.0,2.146,44.86,6.323,58.83,0.750259,13.7
700,2015/05/01 11:41,1013,0.0,1.646,53.4,6.358,59.42,0.725102,13.7
701,2015/05/01 11:42,1013,0.0,0.75,63.58,6.569,59.03,0.720663,13.7
702,2015/05/01 11:43,1013,0.0,0.583,60.3,6.814,57.68,0.73694,13.69
703,2015/05/01 11:44,1013,0.0,2.167,38.2,6.868,57.12,0.754698,13.69
704,2015/05/01 11:45,1013,0.0,0.833,41.46,6.68,57.72,0.787254,13.69
705,2015/05/01 11:46,1013,0.0,0.667,67.77,6.906,57.32,0.782814,13.69
706,2015/05/01 11:47,1013,0.0,1.104,35.96,6.881,57.58,0.781334,13.69
707,2015/05/01 11:48,1013,0.0,2.854,30.41,6.764,57.39,0.617077,13.68
708,2015/05/01 11:49,1013,0.0,2.396,42.97,6.55,58.24,0.770976,13.68
709,2015/05/01 11:50,1013,0.0,1.854,56.36,6.432,59.16,0.785774,13.68
710,2015/05/01 11:51,1013,0.0,1.479,67.3,6.563,59.42,0.778375,13.68
711,2015/05/01 11:52,1013,0.0,2.458,15.43,6.686,58.37,0.81537,13.68
712,2015/05/01 11:53,1013,0.0,2.625,40.21,6.492,58.11,0.834607,13.68
713,2015/05/01 11:54,1013,0.0,1.292,27.03,6.278,59.03,0.864203,13.67
714,2015/05/01 11:55,1013,0.0,1.146,57.71,6.434,59.09,0.831648,13.68
715,2015/05/01 11:56,1013,0.0,1.75,46.02,6.502,59.22,0.852365,13.67
716,2015/05/01 11:57,1013,0.0,1.396,50.02,6.661,58.7,0.818329,13.67
717,2015/05/01 11:58,1013,0.0,0.458,47.94,6.71,58.04,0.852365,13.67
718,2015/05/01 11:59,1013,0.0,1.354,66.79,6.928,57.78,0.849405,13.67
719,2015/05/01 12:00,1013,0.0,2.896,69.5,6.931,57.84,0.73694,13.66
720,2015/05/01 12:01,1013,0.0,2.521,49.38,6.969,57.58,0.865683,13.66
721,2015/05/01 12:02,1013,0.0,0.917,47.63,7.16,57.15,0.877521,13.66
722,2015/05/01 12:03,1013,0.0,1.708,66.37,7.12,57.19,0.862723,13.66
723,2015/05/01 12:04,1013,0.0,2.667,41.64,7.02,57.38,0.59044,13.65
724,2015/05/01 12:05,1013,0.0,2.604,40.78,6.851,57.68,0.606718,13.65
725,2015/05/01 12:06,1013,0.0,2.583,51.68,6.766,58.37,0.346273,13.65
726,2015/05/01 12:07,1013,0.0,3.563,40.04,6.507,59.35,0.318157,13.65
727,2015/05/01 12:08,1013,0.0,4.146,33.34,6.269,59.94,0.392147,13.65
728,2015/05/01 12:09,1013,0.0,3.104,39.46,6.184,60.27,0.405465,13.65
729,2015/05/01 12:10,1013,0.0,2.333,35.79,6.23,60.73,0.856804,13.65
730,2015/05/01 12:11,1013,0.0,2.958,39.51,6.362,60.07,0.852365,13.65
731,2015/05/01 12:12,1013,0.0,2.396,49.92,6.345,59.68,0.843486,13.65
732,2015/05/01 12:13,1013,0.0,1.521,24.42,6.309,60.27,0.836087,13.65
733,2015/05/01 12:14,1013,0.0,2.417,32.65,6.501,59.74,0.833127,13.65
734,2015/05/01 12:15,1013,0.0,3.729,29.04,6.402,59.55,0.839047,13.66
735,2015/05/01 12:16,1013,0.0,3.104,32.77,6.375,59.42,0.844966,13.65
736,2015/05/01 12:17,1013,0.0,2.167,52.54,6.323,60.2,0.850885,13.65
737,2015/05/01 12:18,1013,0.0,2.875,67.04,6.506,59.35,0.856804,13.65
738,2015/05/01 12:19,1013,0.0,1.958,42.65,6.572,59.06,0.865683,13.65
739,2015/05/01 12:20,1013,0.0,1.854,84.3,6.719,59.15,0.868643,13.65
740,2015/05/01 12:21,1013,0.0,2.667,64.35,6.777,58.56,0.867163,13.65
741,2015/05/01 12:22,1013,0.0,1.75,63.6,6.867,58.63,0.870122,13.65
742,2015/05/01 12:23,1013,0.0,1.125,48.7,7.02,58.56,0.631875,13.64
743,2015/05/01 12:24,1013,0.0,0.333,61.27,7.1,58.92,0.893799,13.64
744,2015/05/01 12:25,1013,0.0,0.813,18.33,7.28,58.76,0.905638,13.64
745,2015/05/01 12:26,1013,0.0,1.917,51.9,7.29,58.89,0.929314,13.64
746,2015/05/01 12:27,1013,0.0,1.479,31.69,7.32,58.96,0.840526,13.64
747,2015/05/01 12:28,1013,0.0,3.083,45.28,7.29,58.01,0.772456,13.63
748,2015/05/01 12:29,1013,0.0,2.479,54.93,7.18,58.1,0.794653,13.63
749,2015/05/01 12:30,1013,0.0,2.333,39.57,7.09,58.63,0.754698,13.63
750,2015/05/01 12:31,1013,0.0,2.979,37.91,7.08,58.76,0.412864,13.63
751,2015/05/01 12:32,1013,0.0,2.958,36.55,7.02,59.35,0.858284,13.63
752,2015/05/01 12:33,1013,0.0,2.229,20.88,7.04,58.76,0.892319,13.63
753,2015/05/01 12:34,1013,0.0,0.917,58.66,7.2,58.2,0.898239,13.62
754,2015/05/01 12:35,1013,0.0,2.292,28.93,7.19,57.25,0.306319,13.63
755,2015/05/01 12:36,1013,0.0,2.271,30.54,6.848,58.76,0.81241,13.62
756,2015/05/01 12:37,1013,0.0,0.813,36.16,6.64,60.2,0.81537,13.62
757,2015/05/01 12:38,1013,0.0,0.521,58.6,6.799,61.02,0.547526,13.62
758,2015/05/01 12:39,1013,0.0,2.521,14.73,7.03,59.68,0.22049,13.62
759,2015/05/01 12:40,1013,0.0,1.896,59.29,6.872,60.4,0.701425,13.62
760,2015/05/01 12:41,1013,0.0,1.854,68.27,7.2,58.76,0.830168,13.62
761,2015/05/01 12:42,1013,0.0,2.958,68.87,7.03,56.86,0.840526,13.62
762,2015/05/01 12:43,1013,0.0,2.438,59.1,6.932,57.78,0.288561,13.62
763,2015/05/01 12:44,1013,0.0,2.542,69.36,6.875,59.15,0.287081,13.62
764,2015/05/01 12:45,1013,0.0,2.396,60.54,6.796,59.94,0.861244,13.62
765,2015/05/01 12:46,1013,0.0,1.708,77.7,6.864,60.2,0.862723,13.62
766,2015/05/01 12:47,1013,0.0,2.146,47.34,6.963,58.66,0.864203,13.62
767,2015/05/01 12:48,1013,0.0,2.813,48.06,6.894,58.17,0.805011,13.62
768,2015/05/01 12:49,1013,0.0,2.229,55.98,6.864,58.3,0.779855,13.62
769,2015/05/01 12:50,1013,0.0,2.271,38.17,6.747,59.28,0.88788,13.62
770,2015/05/01 12:51,1013,0.0,1.542,50.63,6.889,59.48,0.865683,13.62
771,2015/05/01 12:52,1013,0.0,2.542,52.44,7.05,58.56,0.880481,13.62
772,2015/05/01 12:53,1013,0.0,2.479,48.12,6.971,58.66,0.852365,13.62
773,2015/05/01 12:54,1013,0.0,2.521,47.49,6.878,59.22,0.840526,13.61
774,2015/05/01 12:55,1013,0.0,1.646,45.78,7.0,59.48,0.839047,13.61
775,2015/05/01 12:56,1013,0.0,2.583,72.0,7.11,56.73,0.840526,13.61
776,2015/05/01 12:57,1013,0.0,2.479,81.9,7.03,57.64,0.842006,13.61
777,2015/05/01 12:58,1013,0.0,1.229,79.4,7.23,57.25,0.839047,13.61
778,2015/05/01 12:59,1013,0.0,0.125,101.2,7.56,56.92,0.836087,13.61
779,2015/05/01 13:00,1013,0.0,0.333,39.73,7.77,55.54,0.837567,13.6
780,2015/05/01 13:01,1013,0.0,2.25,67.93,7.82,54.56,0.839047,13.6
781,2015/05/01 13:02,1013,0.0,2.188,51.51,7.6,55.25,0.839047,13.6
782,2015/05/01 13:03,1013,0.0,2.354,75.1,7.64,55.87,0.843486,13.6
783,2015/05/01 13:04,1013,0.0,3.042,59.83,7.49,54.89,0.844966,13.6
784,2015/05/01 13:05,1013,0.0,2.083,60.5,7.39,56.07,0.840526,13.6
785,2015/05/01 13:06,1013,0.0,2.042,41.37,7.46,56.53,0.839047,13.59
786,2015/05/01 13:07,1013,0.0,2.25,79.5,7.57,55.94,0.834607,13.6
787,2015/05/01 13:08,1013,0.0,2.333,64.11,7.35,57.41,0.834607,13.59
788,2015/05/01 13:09,1013,0.0,2.333,56.05,7.35,57.12,0.830168,13.59
789,2015/05/01 13:10,1013,0.0,2.438,53.52,7.34,56.27,0.821289,13.59
790,2015/05/01 13:11,1013,0.0,2.542,63.68,7.34,54.0,0.818329,13.59
791,2015/05/01 13:12,1013,0.0,2.125,60.14,7.41,52.76,0.796132,13.59
792,2015/05/01 13:13,1013,0.0,2.458,82.7,7.35,51.87,0.776895,13.59
793,2015/05/01 13:14,1013,0.0,2.875,79.9,7.45,52.79,0.81241,13.59
794,2015/05/01 13:15,1013,0.0,1.333,32.05,7.56,53.28,0.822769,13.59
795,2015/05/01 13:16,1013,0.0,3.354,24.67,7.55,52.39,0.821289,13.58
796,2015/05/01 13:17,1013,0.0,3.292,44.33,7.22,54.17,0.833127,13.58
797,2015/05/01 13:18,1013,0.0,3.521,42.49,7.22,54.95,0.824249,13.58
798,2015/05/01 13:19,1013,0.0,2.0,48.73,7.09,55.28,0.822769,13.58
799,2015/05/01 13:20,1013,0.0,2.521,45.76,7.13,54.17,0.81093,13.58
800,2015/05/01 13:21,1013,0.0,2.854,30.84,7.09,54.49,0.760617,13.58
801,2015/05/01 13:22,1013,0.0,1.625,60.13,7.35,54.79,0.81685,13.58
802,2015/05/01 13:23,1013,0.0,2.875,37.78,7.31,55.71,0.822769,13.58
803,2015/05/01 13:24,1013,0.0,1.0,65.61,7.39,55.91,0.828688,13.58
804,2015/05/01 13:25,1013,0.0,2.438,85.3,7.68,55.61,0.831648,13.58
805,2015/05/01 13:26,1013,0.0,1.542,57.59,7.85,54.56,0.827208,13.58
806,2015/05/01 13:27,1013,0.0,2.354,59.34,7.74,54.43,0.833127,13.58
807,2015/05/01 13:28,1013,0.0,2.875,65.78,7.88,52.53,0.836087,13.58
808,2015/05/01 13:29,1013,0.0,2.313,43.39,7.7,54.13,0.833127,13.58
809,2015/05/01 13:30,1013,0.0,2.208,66.44,7.75,53.51,0.776895,13.57
810,2015/05/01 13:31,1013,0.0,2.188,52.51,7.7,53.02,0.303359,13.58
811,2015/05/01 13:32,1013,0.0,2.896,61.24,7.59,53.15,0.843486,13.57
812,2015/05/01 13:33,1013,0.0,2.708,46.67,7.39,57.12,0.844966,13.57
813,2015/05/01 13:34,1013,0.0,2.729,64.04,7.4,55.09,0.842006,13.57
814,2015/05/01 13:35,1013,0.0,1.875,40.13,7.38,53.22,0.834607,13.57
815,2015/05/01 13:36,1013,0.0,2.292,35.85,7.53,55.25,0.827208,13.57
816,2015/05/01 13:37,1013,0.0,2.375,41.26,7.61,57.41,0.828688,13.57
817,2015/05/01 13:38,1013,0.0,3.479,42.96,7.44,56.66,0.833127,13.57
818,2015/05/01 13:39,1013,0.0,3.833,43.5,7.18,56.79,0.825728,13.57
819,2015/05/01 13:40,1013,0.0,3.333,49.07,7.21,55.38,0.827208,13.57
820,2015/05/01 13:41,1013,0.0,2.208,43.76,7.25,58.17,0.827208,13.57
821,2015/05/01 13:42,1013,0.0,2.104,44.34,7.34,55.28,0.819809,13.57
822,2015/05/01 13:43,1013,0.0,2.771,73.5,7.54,55.61,0.822769,13.57
823,2015/05/01 13:44,1013,0.0,2.271,69.99,7.65,57.19,0.843486,13.57
824,2015/05/01 13:45,1013,0.0,2.917,30.96,7.57,57.87,0.802052,13.57
825,2015/05/01 13:46,1013,0.0,2.625,31.35,7.35,59.51,0.729541,13.57
826,2015/05/01 13:47,1013,0.0,3.229,46.11,7.24,59.02,0.74138,13.57
827,2015/05/01 13:48,1013,0.0,2.792,40.6,7.21,59.22,0.725102,13.56
828,2015/05/01 13:49,1013,0.0,4.167,40.14,7.22,60.6,0.713264,13.57
829,2015/05/01 13:50,1013,0.0,3.604,36.18,6.984,60.79,0.784294,13.57
830,2015/05/01 13:51,1013,0.0,2.479,76.1,7.16,60.2,0.844966,13.57
831,2015/05/01 13:52,1013,0.0,2.0,76.4,7.34,59.94,0.837567,13.57
832,2015/05/01 13:53,1013,0.0,2.417,48.5,7.44,58.66,0.853845,13.57
833,2015/05/01 13:54,1013,0.0,2.5,56.14,7.36,58.96,0.856804,13.57
834,2015/05/01 13:55,1013,0.0,2.125,60.7,7.47,58.43,0.861244,13.57
835,2015/05/01 13:56,1013,0.0,2.771,24.23,7.43,58.5,0.867163,13.57
836,2015/05/01 13:57,1013,0.0,2.417,37.22,7.42,57.78,0.873082,13.57
837,2015/05/01 13:58,1013,0.0,1.813,40.87,7.65,58.1,0.874562,13.57
838,2015/05/01 13:59,1013,0.0,3.167,71.5,7.46,60.27,0.876042,13.57
839,2015/05/01 14:00,1013,0.0,1.938,71.4,7.61,60.93,0.883441,13.56
840,2015/05/01 14:01,1013,0.0,2.313,61.75,7.77,60.83,0.873082,13.56
841,2015/05/01 14:02,1013,0.0,3.896,45.98,7.56,59.38,0.877521,13.56
842,2015/05/01 14:03,1013,0.0,2.813,55.28,7.32,60.17,0.876042,13.56
843,2015/05/01 14:04,1013,0.0,2.313,39.45,7.39,61.12,0.844966,13.56
844,2015/05/01 14:05,1013,0.0,2.167,59.78,7.64,60.47,0.754698,13.56
845,2015/05/01 14:06,1013,0.0,1.604,46.48,7.84,61.06,0.768016,13.56
846,2015/05/01 14:07,1013,0.0,1.521,72.0,8.25,59.48,0.717703,13.56
847,2015/05/01 14:08,1013,0.0,2.104,66.0,8.33,56.2,0.658511,13.56
848,2015/05/01 14:09,1013,0.0,2.313,69.16,8.01,56.27,0.692546,13.56
849,2015/05/01 14:10,1013,0.0,1.667,47.41,7.92,58.23,0.694026,13.56
850,2015/05/01 14:11,1013,0.0,2.375,75.9,7.94,57.45,0.719183,13.55
851,2015/05/01 14:12,1013,0.0,2.396,53.93,7.85,56.63,0.692546,13.55
852,2015/05/01 14:13,1013,0.0,3.313,62.25,7.73,57.78,0.7399,13.55
853,2015/05/01 14:14,1013,0.0,2.75,37.39,7.8,57.19,0.753218,13.55
854,2015/05/01 14:15,1013,0.0,2.854,25.02,7.63,57.97,0.685147,13.55
855,2015/05/01 14:16,1013,0.0,2.375,58.64,7.69,59.28,0.725102,13.55
856,2015/05/01 14:17,1013,0.0,3.458,74.7,7.92,54.76,0.670349,13.55
857,2015/05/01 14:18,1013,0.0,2.708,38.33,7.67,56.33,0.612637,13.55
858,2015/05/01 14:19,1013,0.0,1.938,57.62,7.68,56.76,0.639274,13.55
859,2015/05/01 14:20,1013,0.0,2.021,52.26,7.66,54.59,0.699945,13.55
860,2015/05/01 14:21,1013,0.0,2.0,32.15,7.61,55.15,0.398066,13.55
861,2015/05/01 14:22,1013,0.0,1.354,94.2,7.81,54.82,0.359591,13.56
862,2015/05/01 14:23,1013,0.0,1.125,53.9,7.95,54.23,0.640753,13.55
863,2015/05/01 14:24,1013,0.0,0.958,48.31,8.14,54.39,0.611157,13.56
864,2015/05/01 14:25,1013,0.0,2.875,50.9,8.2,56.17,0.708824,13.56
865,2015/05/01 14:26,1013,0.0,2.833,40.9,7.79,57.94,0.328516,13.56
866,2015/05/01 14:27,1013,0.0,2.563,45.75,7.68,58.95,0.4469,13.56
867,2015/05/01 14:28,1013,0.0,3.854,32.57,7.49,58.76,0.819809,13.56
868,2015/05/01 14:29,1013,0.0,4.25,25.67,7.28,57.77,0.81093,13.56
869,2015/05/01 14:30,1013,0.0,4.625,31.87,7.2,56.72,0.796132,13.56
870,2015/05/01 14:31,1013,0.0,1.708,52.3,7.32,58.43,0.790213,13.56
871,2015/05/01 14:32,1013,0.0,2.542,42.32,7.62,59.15,0.782814,13.56
872,2015/05/01 14:33,1013,0.0,3.0,49.47,7.6,61.38,0.773935,13.56
873,2015/05/01 14:34,1013,0.0,1.208,42.07,7.62,62.5,0.768016,13.56
874,2015/05/01 14:35,1013,0.0,2.188,48.26,8.01,61.25,0.768016,13.56
875,2015/05/01 14:36,1013,0.0,2.563,42.48,7.8,61.45,0.781334,13.56
876,2015/05/01 14:37,1013,0.0,1.938,65.56,7.83,61.91,0.705865,13.56
877,2015/05/01 14:38,1013,0.0,2.854,60.57,7.81,60.73,0.210132,13.56
878,2015/05/01 14:39,1013,0.0,2.75,56.84,7.52,60.33,0.785774,13.56
879,2015/05/01 14:40,1013,0.0,2.667,26.1,7.52,61.38,0.790213,13.56
880,2015/05/01 14:41,1013,0.0,1.833,87.2,7.61,62.37,0.785774,13.56
881,2015/05/01 14:42,1013,0.0,2.583,67.13,7.83,62.36,0.787254,13.56
882,2015/05/01 14:43,1013,0.0,2.25,40.89,8.04,60.92,0.791693,13.56
883,2015/05/01 14:44,1013,0.0,2.333,47.25,7.88,60.59,0.787254,13.56
884,2015/05/01 14:45,1013,0.0,2.708,47.43,7.76,60.73,0.66591,13.56
885,2015/05/01 14:46,1013,0.0,2.938,47.03,7.83,59.15,0.791693,13.56
886,2015/05/01 14:47,1013,0.0,2.563,56.93,7.66,59.25,0.794653,13.56
887,2015/05/01 14:48,1013,0.0,2.667,58.4,7.65,58.82,0.797612,13.56
888,2015/05/01 14:49,1013,0.0,2.5,71.9,7.63,59.67,0.782814,13.56
889,2015/05/01 14:50,1013,0.0,0.625,55.02,7.85,60.2,0.768016,13.56
890,2015/05/01 14:51,1013,0.0,1.438,61.91,8.15,59.97,0.754698,13.55
891,2015/05/01 14:52,1013,0.0,2.583,30.42,8.28,59.15,0.754698,13.55
892,2015/05/01 14:53,1013,0.0,3.875,59.41,7.9,59.8,0.756178,13.55
893,2015/05/01 14:54,1013,0.0,3.667,44.75,7.5,61.12,0.762097,13.55
894,2015/05/01 14:55,1013,0.0,2.229,41.66,7.63,61.12,0.725102,13.55
895,2015/05/01 14:56,1013,0.0,3.75,36.23,7.52,61.18,0.673309,13.55
896,2015/05/01 14:57,1013,0.0,1.833,73.2,7.6,61.51,0.682188,13.55
897,2015/05/01 14:58,1013,0.0,3.021,61.6,7.75,59.41,0.692546,13.55
898,2015/05/01 14:59,1013,0.0,2.938,67.67,7.71,59.67,0.713264,13.55
899,2015/05/01 15:00,1013,0.0,3.083,49.73,7.62,60.39,0.658511,13.55
900,2015/05/01 15:01,1013,0.0,3.854,33.87,7.44,60.53,0.7399,13.55
901,2015/05/01 15:02,1013,0.0,3.604,36.38,7.29,60.86,0.729541,13.55
902,2015/05/01 15:03,1013,0.0,2.333,49.58,7.29,61.38,0.701425,13.55
903,2015/05/01 15:04,1013,0.0,2.417,38.75,7.46,60.92,0.685147,13.55
904,2015/05/01 15:05,1013,0.0,2.917,52.96,7.41,60.52,0.716223,13.55
905,2015/05/01 15:06,1013,0.0,3.208,38.67,7.32,60.79,0.731021,13.55
906,2015/05/01 15:07,1013,0.0,1.354,56.21,7.66,59.67,0.763577,13.55
907,2015/05/01 15:08,1013,0.0,3.333,54.64,7.72,58.56,0.791693,13.55
908,2015/05/01 15:09,1013,0.0,3.0,62.33,7.68,58.52,0.785774,13.55
909,2015/05/01 15:10,1013,0.0,4.063,34.89,7.45,58.49,0.779855,13.55
910,2015/05/01 15:11,1013,0.0,2.438,36.87,7.4,59.35,0.773935,13.55
911,2015/05/01 15:12,1013,0.0,2.208,34.95,7.58,59.18,0.760617,13.55
912,2015/05/01 15:13,1013,0.0,1.667,73.0,7.73,59.48,0.757658,13.55
913,2015/05/01 15:14,1013,0.0,2.417,59.62,8.02,59.02,0.744339,13.55
914,2015/05/01 15:15,1013,0.0,2.104,70.4,8.2,58.36,0.73694,13.55
915,2015/05/01 15:16,1013,0.0,2.5,71.8,8.25,57.18,0.751738,13.55
916,2015/05/01 15:17,1013,0.0,1.604,50.82,8.13,58.23,0.747299,13.55
917,2015/05/01 15:18,1013,0.0,2.917,54.73,8.0,59.08,0.744339,13.55
918,2015/05/01 15:19,1013,0.0,3.792,56.0,7.78,59.67,0.74138,13.55
919,2015/05/01 15:20,1013,0.0,2.229,71.4,7.64,61.31,0.73842,13.55
920,2015/05/01 15:21,1013,0.0,2.396,84.3,7.72,61.57,0.726582,13.55
921,2015/05/01 15:22,1013,0.0,0.979,42.58,7.85,61.38,0.733981,13.55
922,2015/05/01 15:23,1013,0.0,2.938,48.98,7.83,60.2,0.731021,13.55
923,2015/05/01 15:24,1013,0.0,1.208,43.01,7.65,61.44,0.729541,13.55
924,2015/05/01 15:25,1013,0.0,2.583,67.18,7.72,61.84,0.728062,13.55
925,2015/05/01 15:26,1013,0.0,3.125,35.8,7.77,61.93,0.725102,13.54
926,2015/05/01 15:27,1013,0.0,2.813,43.06,7.6,62.49,0.723622,13.55
927,2015/05/01 15:28,1013,0.0,1.083,45.11,7.77,62.36,0.720663,13.54
928,2015/05/01 15:29,1013,0.0,2.896,73.5,7.99,60.52,0.719183,13.54
929,2015/05/01 15:30,1013,0.0,1.771,47.19,8.03,60.52,0.722142,13.54
930,2015/05/01 15:31,1013,0.0,2.979,52.7,7.89,61.11,0.713264,13.54
931,2015/05/01 15:32,1013,0.0,2.979,58.7,7.8,61.18,0.506092,13.54
932,2015/05/01 15:33,1013,0.0,2.417,12.33,7.6,61.96,0.4469,13.54
933,2015/05/01 15:34,1013,0.0,2.5,29.55,7.63,62.03,0.719183,13.54
934,2015/05/01 15:35,1013,0.0,3.479,52.32,7.57,61.8,0.714743,13.54
935,2015/05/01 15:36,1013,0.0,3.625,42.14,7.35,62.16,0.713264,13.54
936,2015/05/01 15:37,1013,0.0,3.438,57.73,7.39,61.83,0.713264,13.54
937,2015/05/01 15:38,1013,0.0,3.521,34.19,7.27,62.65,0.710304,13.54
938,2015/05/01 15:39,1013,0.0,2.313,45.91,7.26,63.74,0.708824,13.55
939,2015/05/01 15:40,1013,0.0,2.25,66.12,7.41,63.54,0.705865,13.55
940,2015/05/01 15:41,1013,0.0,2.583,55.95,7.52,62.42,0.702905,13.55
941,2015/05/01 15:42,1013,0.0,1.5,64.77,7.62,62.03,0.699945,13.55
942,2015/05/01 15:43,1013,0.0,0.458,64.96,7.86,62.13,0.698466,13.55
943,2015/05/01 15:44,1013,0.0,2.063,61.31,7.99,59.41,0.695506,13.55
944,2015/05/01 15:45,1013,0.0,1.854,63.64,7.83,59.96,0.692546,13.55
945,2015/05/01 15:46,1013,0.0,2.583,34.39,7.7,60.78,0.691067,13.55
946,2015/05/01 15:47,1013,0.0,1.167,91.7,7.77,61.37,0.688107,13.55
947,2015/05/01 15:48,1013,0.0,2.438,48.56,7.77,60.55,0.686627,13.55
948,2015/05/01 15:49,1013,0.0,2.396,67.18,7.74,61.8,0.685147,13.55
949,2015/05/01 15:50,1013,0.0,1.479,53.53,7.97,61.63,0.683668,13.54
950,2015/05/01 15:51,1013,0.0,2.333,29.08,7.94,62.22,0.652592,13.54
951,2015/05/01 15:52,1013,0.0,0.438,75.7,8.13,62.26,0.677748,13.54
952,2015/05/01 15:53,1013,0.0,1.354,65.79,8.47,61.24,0.679228,13.54
953,2015/05/01 15:54,1013,0.0,2.208,52.09,8.56,60.12,0.680708,13.54
954,2015/05/01 15:55,1013,0.0,1.813,62.98,8.51,58.94,0.676269,13.54
955,2015/05/01 15:56,1013,0.0,1.938,65.76,8.5,57.63,0.673309,13.54
956,2015/05/01 15:57,1013,0.0,2.0,44.66,8.41,57.76,0.671829,13.54
957,2015/05/01 15:58,1013,0.0,3.167,42.51,8.04,59.86,0.671829,13.54
958,2015/05/01 15:59,1013,0.0,3.625,25.3,7.63,61.04,0.673309,13.54
959,2015/05/01 16:00,1013,0.0,3.563,48.57,7.38,61.83,0.674789,13.54
960,2015/05/01 16:01,1013,0.0,3.771,39.78,7.33,62.42,0.673309,13.54
961,2015/05/01 16:02,1013,0.0,3.188,42.64,7.32,63.01,0.673309,13.54
962,2015/05/01 16:03,1013,0.0,2.521,55.73,7.59,61.21,0.671829,13.54
963,2015/05/01 16:04,1013,0.0,2.604,70.8,7.64,60.45,0.642233,13.54
964,2015/05/01 16:05,1013,0.0,2.833,61.29,7.67,60.12,0.622996,13.54
965,2015/05/01 16:06,1013,0.0,2.5,48.95,7.7,60.06,0.646673,13.54
966,2015/05/01 16:07,1013,0.0,1.479,60.48,7.67,59.93,0.651112,13.54
967,2015/05/01 16:08,1013,0.0,3.083,36.57,7.61,61.04,0.654072,13.54
968,2015/05/01 16:09,1013,0.0,2.75,46.91,7.5,62.65,0.658511,13.54
969,2015/05/01 16:10,1013,0.0,2.188,48.64,7.69,61.9,0.652592,13.54
970,2015/05/01 16:11,1013,0.0,2.833,51.67,7.8,60.95,0.645193,13.54
971,2015/05/01 16:12,1013,0.0,3.729,46.43,7.62,61.04,0.612637,13.54
972,2015/05/01 16:13,1013,0.0,2.958,58.57,7.53,61.64,0.544566,13.54
973,2015/05/01 16:14,1013,0.0,2.708,55.65,7.52,60.85,0.522369,13.54
974,2015/05/01 16:15,1013,0.0,2.396,35.83,7.42,61.57,0.551965,13.54
975,2015/05/01 16:16,1013,0.0,3.667,41.77,7.31,62.49,0.652592,13.54
976,2015/05/01 16:17,1013,0.0,2.75,50.41,7.47,61.96,0.640753,13.54
977,2015/05/01 16:18,1013,0.0,1.396,51.83,7.57,61.21,0.606718,13.54
978,2015/05/01 16:19,1013,0.0,2.667,44.81,7.39,61.57,0.584521,13.55
979,2015/05/01 16:20,1013,0.0,3.208,56.42,7.38,62.03,0.534208,13.54
980,2015/05/01 16:21,1013,0.0,1.75,42.21,7.53,61.7,0.483895,13.55
981,2015/05/01 16:22,1013,0.0,1.792,76.6,7.68,61.5,0.498693,13.54
982,2015/05/01 16:23,1013,0.0,2.229,30.73,7.79,60.91,0.51645,13.55
983,2015/05/01 16:24,1013,0.0,3.167,56.83,7.6,61.4,0.512011,13.55
984,2015/05/01 16:25,1013,0.0,2.521,45.3,7.45,62.03,0.506092,13.55
985,2015/05/01 16:26,1013,0.0,2.5,67.09,7.58,61.11,0.494253,13.55
986,2015/05/01 16:27,1013,0.0,2.458,53.44,7.43,61.64,0.504612,13.55
987,2015/05/01 16:28,1013,0.0,1.771,67.05,7.5,61.9,0.512011,13.55
988,2015/05/01 16:29,1013,0.0,2.688,59.57,7.58,61.44,0.537167,13.55
989,2015/05/01 16:30,1013,0.0,3.063,79.1,7.39,61.97,0.543087,13.55
990,2015/05/01 16:31,1013,0.0,1.438,66.25,7.46,62.23,0.557885,13.55
991,2015/05/01 16:32,1013,0.0,1.958,38.84,7.61,61.74,0.550486,13.55
992,2015/05/01 16:33,1013,0.0,3.396,61.41,7.35,62.82,0.498693,13.55
993,2015/05/01 16:34,1013,0.0,2.125,61.42,7.24,63.41,0.409905,13.55
994,2015/05/01 16:35,1013,0.0,1.563,51.54,7.38,62.43,0.51793,13.56
995,2015/05/01 16:36,1013,0.0,3.604,42.71,7.31,62.69,0.531248,13.55
996,2015/05/01 16:37,1013,0.0,3.5,39.52,7.18,62.95,0.546046,13.55
997,2015/05/01 16:38,1013,0.0,3.083,44.23,7.15,63.61,0.554925,13.56
998,2015/05/01 16:39,1013,0.0,1.792,64.9,7.32,62.88,0.568243,13.56
999,2015/05/01 16:40,1013,0.0,2.125,42.44,7.4,62.62,0.583041,13.56
